sample_id,pair_id,attack,model,pretrained,source_file,target_enroll_file,adv_file,perturbation_file,source_name,target_name,threshold,similarity_before,similarity_after_attack,similarity_gain,accepted_before,accepted_after_attack,attack_success_before_defense,epsilon,alpha,steps,l2,linf,time_sec
vf_ea54843f0264,pair_000002,targeted_pgd_facenet_verification,facenet-pytorch/InceptionResnetV1,vggface2,samples/0.005/vf_ea54843f0264/source/John_Ashcroft_0030.jpg,samples/0.005/vf_ea54843f0264/target_enroll/Tony_Blair_0051.jpg,samples/0.005/vf_ea54843f0264/adversarial/John_Ashcroft_John_Ashcroft_0030_to_Tony_Blair_Tony_Blair_0051_facenet_eps0.005_a0.001_s10.jpg,samples/0.005/vf_ea54843f0264/perturbation/John_Ashcroft_John_Ashcroft_0030_to_Tony_Blair_Tony_Blair_0051_facenet_eps0.005_a0.001_s10_perturbation.jpg,John_Ashcroft,Tony_Blair,0.47966246581077576,0.25670093297958374,0.4593991,0.2616159915924072,False,False,True,0.005,0.001,10,1.1545367240905762,0.005000025033950806,1.091600514999982
vf_7d3bb72dda48,pair_000004,targeted_pgd_facenet_verification,facenet-pytorch/InceptionResnetV1,vggface2,samples/0.005/vf_7d3bb72dda48/source/Tony_Blair_0080.jpg,samples/0.005/vf_7d3bb72dda48/target_enroll/Colin_Powell_0218.jpg,samples/0.005/vf_7d3bb72dda48/adversarial/Tony_Blair_Tony_Blair_0080_to_Colin_Powell_Colin_Powell_0218_facenet_eps0.005_a0.001_s10.jpg,samples/0.005/vf_7d3bb72dda48/perturbation/Tony_Blair_Tony_Blair_0080_to_Colin_Powell_Colin_Powell_0218_facenet_eps0.005_a0.001_s10_perturbation.jpg,Tony_Blair,Colin_Powell,0.47966246581077576,0.3230995237827301,0.52593017,0.23479041457176208,False,True,True,0.005,0.001,10,1.189233660697937,0.005000025033950806,0.5285708419999082
vf_b5633cd5a05d,pair_000007,targeted_pgd_facenet_verification,facenet-pytorch/InceptionResnetV1,vggface2,samples/0.005/vf_b5633cd5a05d/source/Junichiro_Koizumi_0017.jpg,samples/0.005/vf_b5633cd5a05d/target_enroll/George_W_Bush_0391.jpg,samples/0.005/vf_b5633cd5a05d/adversarial/Junichiro_Koizumi_Junichiro_Koizumi_0017_to_George_W_Bush_George_W_Bush_0391_facenet_eps0.005_a0.001_s10.jpg,samples/0.005/vf_b5633cd5a05d/perturbation/Junichiro_Koizumi_Junichiro_Koizumi_0017_to_George_W_Bush_George_W_Bush_0391_facenet_eps0.005_a0.001_s10_perturbation.jpg,Junichiro_Koizumi,George_W_Bush,0.47966246581077576,0.3100721538066864,0.69783604,0.43495944142341614,False,True,True,0.005,0.001,10,1.1682301759719849,0.005000025033950806,0.5319792200000393
vf_4321f23cd7aa,pair_000009,targeted_pgd_facenet_verification,facenet-pytorch/InceptionResnetV1,vggface2,samples/0.005/vf_4321f23cd7aa/source/Tony_Blair_0016.jpg,samples/0.005/vf_4321f23cd7aa/target_enroll/Junichiro_Koizumi_0047.jpg,samples/0.005/vf_4321f23cd7aa/adversarial/Tony_Blair_Tony_Blair_0016_to_Junichiro_Koizumi_Junichiro_Koizumi_0047_facenet_eps0.005_a0.001_s10.jpg,samples/0.005/vf_4321f23cd7aa/perturbation/Tony_Blair_Tony_Blair_0016_to_Junichiro_Koizumi_Junichiro_Koizumi_0047_facenet_eps0.005_a0.001_s10_perturbation.jpg,Tony_Blair,Junichiro_Koizumi,0.47966246581077576,0.23096619546413422,0.46160468,0.26332299411296844,False,False,True,0.005,0.001,10,1.2236520051956177,0.005000025033950806,0.5287324559999433
vf_de3be2e27d53,pair_000017,targeted_pgd_facenet_verification,facenet-pytorch/InceptionResnetV1,vggface2,samples/0.005/vf_de3be2e27d53/source/Gerhard_Schroeder_0074.jpg,samples/0.005/vf_de3be2e27d53/target_enroll/Jean_Chretien_0050.jpg,samples/0.005/vf_de3be2e27d53/adversarial/Gerhard_Schroeder_Gerhard_Schroeder_0074_to_Jean_Chretien_Jean_Chretien_0050_facenet_eps0.005_a0.001_s10.jpg,samples/0.005/vf_de3be2e27d53/perturbation/Gerhard_Schroeder_Gerhard_Schroeder_0074_to_Jean_Chretien_Jean_Chretien_0050_facenet_eps0.005_a0.001_s10_perturbation.jpg,Gerhard_Schroeder,Jean_Chretien,0.47966246581077576,0.2069093883037567,0.47983536,0.30211636424064636,False,True,True,0.005,0.001,10,1.1764172315597534,0.005000025033950806,0.536251300999993
vf_090fcb274067,pair_000023,targeted_pgd_facenet_verification,facenet-pytorch/InceptionResnetV1,vggface2,samples/0.005/vf_090fcb274067/source/Ariel_Sharon_0069.jpg,samples/0.005/vf_090fcb274067/target_enroll/Colin_Powell_0179.jpg,samples/0.005/vf_090fcb274067/adversarial/Ariel_Sharon_Ariel_Sharon_0069_to_Colin_Powell_Colin_Powell_0179_facenet_eps0.005_a0.001_s10.jpg,samples/0.005/vf_090fcb274067/perturbation/Ariel_Sharon_Ariel_Sharon_0069_to_Colin_Powell_Colin_Powell_0179_facenet_eps0.005_a0.001_s10_perturbation.jpg,Ariel_Sharon,Colin_Powell,0.47966246581077576,0.28864219784736633,0.50400639,0.24399682879447937,False,True,True,0.005,0.001,10,1.087838888168335,0.005000025033950806,0.5494645730000229
vf_72be6e8889a8,pair_000029,targeted_pgd_facenet_verification,facenet-pytorch/InceptionResnetV1,vggface2,samples/0.005/vf_72be6e8889a8/source/George_W_Bush_0442.jpg,samples/0.005/vf_72be6e8889a8/target_enroll/Tony_Blair_0088.jpg,samples/0.005/vf_72be6e8889a8/adversarial/George_W_Bush_George_W_Bush_0442_to_Tony_Blair_Tony_Blair_0088_facenet_eps0.005_a0.001_s10.jpg,samples/0.005/vf_72be6e8889a8/perturbation/George_W_Bush_George_W_Bush_0442_to_Tony_Blair_Tony_Blair_0088_facenet_eps0.005_a0.001_s10_perturbation.jpg,George_W_Bush,Tony_Blair,0.47966246581077576,0.2958222031593323,0.53382748,0.2715389132499695,False,True,True,0.005,0.001,10,1.1269844770431519,0.005000025033950806,0.5532550460000039
vf_3229b831cddf,pair_000030,targeted_pgd_facenet_verification,facenet-pytorch/InceptionResnetV1,vggface2,samples/0.005/vf_3229b831cddf/source/George_W_Bush_0510.jpg,samples/0.005/vf_3229b831cddf/target_enroll/John_Ashcroft_0006.jpg,samples/0.005/vf_3229b831cddf/adversarial/George_W_Bush_George_W_Bush_0510_to_John_Ashcroft_John_Ashcroft_0006_facenet_eps0.005_a0.001_s10.jpg,samples/0.005/vf_3229b831cddf/perturbation/George_W_Bush_George_W_Bush_0510_to_John_Ashcroft_John_Ashcroft_0006_facenet_eps0.005_a0.001_s10_perturbation.jpg,George_W_Bush,John_Ashcroft,0.47966246581077576,0.21223020553588867,0.48770806,0.3337286710739136,False,True,True,0.005,0.001,10,1.2234599590301514,0.005000025033950806,0.5354022059998442
vf_c5bf893fcfcd,pair_000032,targeted_pgd_facenet_verification,facenet-pytorch/InceptionResnetV1,vggface2,samples/0.005/vf_c5bf893fcfcd/source/Hugo_Chavez_0046.jpg,samples/0.005/vf_c5bf893fcfcd/target_enroll/Junichiro_Koizumi_0040.jpg,samples/0.005/vf_c5bf893fcfcd/adversarial/Hugo_Chavez_Hugo_Chavez_0046_to_Junichiro_Koizumi_Junichiro_Koizumi_0040_facenet_eps0.005_a0.001_s10.jpg,samples/0.005/vf_c5bf893fcfcd/perturbation/Hugo_Chavez_Hugo_Chavez_0046_to_Junichiro_Koizumi_Junichiro_Koizumi_0040_facenet_eps0.005_a0.001_s10_perturbation.jpg,Hugo_Chavez,Junichiro_Koizumi,0.47966246581077576,0.19210177659988403,0.47344941,0.3090354800224304,False,False,True,0.005,0.001,10,1.1843011379241943,0.005000025033950806,0.5272992549998889
vf_c4edf24d3517,pair_000036,targeted_pgd_facenet_verification,facenet-pytorch/InceptionResnetV1,vggface2,samples/0.005/vf_c4edf24d3517/source/Gerhard_Schroeder_0084.jpg,samples/0.005/vf_c4edf24d3517/target_enroll/Hugo_Chavez_0032.jpg,samples/0.005/vf_c4edf24d3517/adversarial/Gerhard_Schroeder_Gerhard_Schroeder_0084_to_Hugo_Chavez_Hugo_Chavez_0032_facenet_eps0.005_a0.001_s10.jpg,samples/0.005/vf_c4edf24d3517/perturbation/Gerhard_Schroeder_Gerhard_Schroeder_0084_to_Hugo_Chavez_Hugo_Chavez_0032_facenet_eps0.005_a0.001_s10_perturbation.jpg,Gerhard_Schroeder,Hugo_Chavez,0.47966246581077576,0.1922152042388916,0.46921083,0.3102821111679077,False,False,True,0.005,0.001,10,1.1916624307632446,0.005000025033950806,0.5293917340000007
vf_b2ec962e2326,pair_000054,targeted_pgd_facenet_verification,facenet-pytorch/InceptionResnetV1,vggface2,samples/0.005/vf_b2ec962e2326/source/Donald_Rumsfeld_0091.jpg,samples/0.005/vf_b2ec962e2326/target_enroll/John_Ashcroft_0026.jpg,samples/0.005/vf_b2ec962e2326/adversarial/Donald_Rumsfeld_Donald_Rumsfeld_0091_to_John_Ashcroft_John_Ashcroft_0026_facenet_eps0.005_a0.001_s10.jpg,samples/0.005/vf_b2ec962e2326/perturbation/Donald_Rumsfeld_Donald_Rumsfeld_0091_to_John_Ashcroft_John_Ashcroft_0026_facenet_eps0.005_a0.001_s10_perturbation.jpg,Donald_Rumsfeld,John_Ashcroft,0.47966246581077576,0.22119750082492828,0.44046399,0.27452413737773895,False,False,True,0.005,0.001,10,1.1971746683120728,0.005000025033950806,0.5339174169998842
vf_cc42d41730d5,pair_000057,targeted_pgd_facenet_verification,facenet-pytorch/InceptionResnetV1,vggface2,samples/0.005/vf_cc42d41730d5/source/Gerhard_Schroeder_0075.jpg,samples/0.005/vf_cc42d41730d5/target_enroll/Hugo_Chavez_0046.jpg,samples/0.005/vf_cc42d41730d5/adversarial/Gerhard_Schroeder_Gerhard_Schroeder_0075_to_Hugo_Chavez_Hugo_Chavez_0046_facenet_eps0.005_a0.001_s10.jpg,samples/0.005/vf_cc42d41730d5/perturbation/Gerhard_Schroeder_Gerhard_Schroeder_0075_to_Hugo_Chavez_Hugo_Chavez_0046_facenet_eps0.005_a0.001_s10_perturbation.jpg,Gerhard_Schroeder,Hugo_Chavez,0.47966246581077576,0.3084094226360321,0.59594476,0.32997098565101624,False,True,True,0.005,0.001,10,1.2004096508026123,0.005000025033950806,0.540396333000217
vf_8b68c1bd8551,pair_000063,targeted_pgd_facenet_verification,facenet-pytorch/InceptionResnetV1,vggface2,samples/0.005/vf_8b68c1bd8551/source/John_Ashcroft_0008.jpg,samples/0.005/vf_8b68c1bd8551/target_enroll/Hugo_Chavez_0008.jpg,samples/0.005/vf_8b68c1bd8551/adversarial/John_Ashcroft_John_Ashcroft_0008_to_Hugo_Chavez_Hugo_Chavez_0008_facenet_eps0.005_a0.001_s10.jpg,samples/0.005/vf_8b68c1bd8551/perturbation/John_Ashcroft_John_Ashcroft_0008_to_Hugo_Chavez_Hugo_Chavez_0008_facenet_eps0.005_a0.001_s10_perturbation.jpg,John_Ashcroft,Hugo_Chavez,0.47966246581077576,0.29493123292922974,0.58052814,0.3315995931625366,False,True,True,0.005,0.001,10,1.1744779348373413,0.005000025033950806,0.535506137999846
vf_1580f37c8bca,pair_000064,targeted_pgd_facenet_verification,facenet-pytorch/InceptionResnetV1,vggface2,samples/0.005/vf_1580f37c8bca/source/Colin_Powell_0185.jpg,samples/0.005/vf_1580f37c8bca/target_enroll/Gerhard_Schroeder_0084.jpg,samples/0.005/vf_1580f37c8bca/adversarial/Colin_Powell_Colin_Powell_0185_to_Gerhard_Schroeder_Gerhard_Schroeder_0084_facenet_eps0.005_a0.001_s10.jpg,samples/0.005/vf_1580f37c8bca/perturbation/Colin_Powell_Colin_Powell_0185_to_Gerhard_Schroeder_Gerhard_Schroeder_0084_facenet_eps0.005_a0.001_s10_perturbation.jpg,Colin_Powell,Gerhard_Schroeder,0.47966246581077576,0.36480143666267395,0.56809038,0.23978516459465027,False,True,True,0.005,0.001,10,1.1984198093414307,0.005000025033950806,0.5448456639999222
vf_5192e29fd3b4,pair_000065,targeted_pgd_facenet_verification,facenet-pytorch/InceptionResnetV1,vggface2,samples/0.005/vf_5192e29fd3b4/source/Gerhard_Schroeder_0024.jpg,samples/0.005/vf_5192e29fd3b4/target_enroll/John_Ashcroft_0006.jpg,samples/0.005/vf_5192e29fd3b4/adversarial/Gerhard_Schroeder_Gerhard_Schroeder_0024_to_John_Ashcroft_John_Ashcroft_0006_facenet_eps0.005_a0.001_s10.jpg,samples/0.005/vf_5192e29fd3b4/perturbation/Gerhard_Schroeder_Gerhard_Schroeder_0024_to_John_Ashcroft_John_Ashcroft_0006_facenet_eps0.005_a0.001_s10_perturbation.jpg,Gerhard_Schroeder,John_Ashcroft,0.47966246581077576,0.27380460500717163,0.49430415,0.2465674877166748,False,True,True,0.005,0.001,10,1.1447935104370117,0.005000025033950806,0.5416276270000253
vf_256d41087135,pair_000068,targeted_pgd_facenet_verification,facenet-pytorch/InceptionResnetV1,vggface2,samples/0.005/vf_256d41087135/source/George_W_Bush_0414.jpg,samples/0.005/vf_256d41087135/target_enroll/Donald_Rumsfeld_0038.jpg,samples/0.005/vf_256d41087135/adversarial/George_W_Bush_George_W_Bush_0414_to_Donald_Rumsfeld_Donald_Rumsfeld_0038_facenet_eps0.005_a0.001_s10.jpg,samples/0.005/vf_256d41087135/perturbation/George_W_Bush_George_W_Bush_0414_to_Donald_Rumsfeld_Donald_Rumsfeld_0038_facenet_eps0.005_a0.001_s10_perturbation.jpg,George_W_Bush,Donald_Rumsfeld,0.47966246581077576,0.1892942488193512,0.47399145,0.3086652457714081,False,False,True,0.005,0.001,10,1.2080265283584595,0.005000025033950806,0.5453952350001146
vf_75286422bc69,pair_000070,targeted_pgd_facenet_verification,facenet-pytorch/InceptionResnetV1,vggface2,samples/0.005/vf_75286422bc69/source/John_Ashcroft_0030.jpg,samples/0.005/vf_75286422bc69/target_enroll/Tony_Blair_0104.jpg,samples/0.005/vf_75286422bc69/adversarial/John_Ashcroft_John_Ashcroft_0030_to_Tony_Blair_Tony_Blair_0104_facenet_eps0.005_a0.001_s10.jpg,samples/0.005/vf_75286422bc69/perturbation/John_Ashcroft_John_Ashcroft_0030_to_Tony_Blair_Tony_Blair_0104_facenet_eps0.005_a0.001_s10_perturbation.jpg,John_Ashcroft,Tony_Blair,0.47966246581077576,0.4787027835845947,0.65036035,0.2181190848350525,False,True,True,0.005,0.001,10,1.165090799331665,0.005000025033950806,0.5531391290001011
vf_d0571873a360,pair_000078,targeted_pgd_facenet_verification,facenet-pytorch/InceptionResnetV1,vggface2,samples/0.005/vf_d0571873a360/source/Tony_Blair_0043.jpg,samples/0.005/vf_d0571873a360/target_enroll/Colin_Powell_0130.jpg,samples/0.005/vf_d0571873a360/adversarial/Tony_Blair_Tony_Blair_0043_to_Colin_Powell_Colin_Powell_0130_facenet_eps0.005_a0.001_s10.jpg,samples/0.005/vf_d0571873a360/perturbation/Tony_Blair_Tony_Blair_0043_to_Colin_Powell_Colin_Powell_0130_facenet_eps0.005_a0.001_s10_perturbation.jpg,Tony_Blair,Colin_Powell,0.47966246581077576,0.39863404631614685,0.64960194,0.2731184661388397,False,True,True,0.005,0.001,10,1.1737464666366577,0.005000025033950806,0.5354164799998671
vf_d131f35b4897,pair_000093,targeted_pgd_facenet_verification,facenet-pytorch/InceptionResnetV1,vggface2,samples/0.005/vf_d131f35b4897/source/Jean_Chretien_0036.jpg,samples/0.005/vf_d131f35b4897/target_enroll/Ariel_Sharon_0042.jpg,samples/0.005/vf_d131f35b4897/adversarial/Jean_Chretien_Jean_Chretien_0036_to_Ariel_Sharon_Ariel_Sharon_0042_facenet_eps0.005_a0.001_s10.jpg,samples/0.005/vf_d131f35b4897/perturbation/Jean_Chretien_Jean_Chretien_0036_to_Ariel_Sharon_Ariel_Sharon_0042_facenet_eps0.005_a0.001_s10_perturbation.jpg,Jean_Chretien,Ariel_Sharon,0.47966246581077576,0.39783260226249695,0.59173751,0.23375025391578674,False,True,True,0.005,0.001,10,1.16043221950531,0.005000025033950806,0.5376960599999165
vf_527d834a90c9,pair_000094,targeted_pgd_facenet_verification,facenet-pytorch/InceptionResnetV1,vggface2,samples/0.005/vf_527d834a90c9/source/Donald_Rumsfeld_0007.jpg,samples/0.005/vf_527d834a90c9/target_enroll/George_W_Bush_0339.jpg,samples/0.005/vf_527d834a90c9/adversarial/Donald_Rumsfeld_Donald_Rumsfeld_0007_to_George_W_Bush_George_W_Bush_0339_facenet_eps0.005_a0.001_s10.jpg,samples/0.005/vf_527d834a90c9/perturbation/Donald_Rumsfeld_Donald_Rumsfeld_0007_to_George_W_Bush_George_W_Bush_0339_facenet_eps0.005_a0.001_s10_perturbation.jpg,Donald_Rumsfeld,George_W_Bush,0.47966246581077576,0.18950439989566803,0.54064083,0.39862363040447235,False,True,True,0.005,0.001,10,1.2139830589294434,0.005000025033950806,0.5422386509999342
vf_b5a935500105,pair_000103,targeted_pgd_facenet_verification,facenet-pytorch/InceptionResnetV1,vggface2,samples/0.005/vf_b5a935500105/source/Tony_Blair_0007.jpg,samples/0.005/vf_b5a935500105/target_enroll/Junichiro_Koizumi_0049.jpg,samples/0.005/vf_b5a935500105/adversarial/Tony_Blair_Tony_Blair_0007_to_Junichiro_Koizumi_Junichiro_Koizumi_0049_facenet_eps0.005_a0.001_s10.jpg,samples/0.005/vf_b5a935500105/perturbation/Tony_Blair_Tony_Blair_0007_to_Junichiro_Koizumi_Junichiro_Koizumi_0049_facenet_eps0.005_a0.001_s10_perturbation.jpg,Tony_Blair,Junichiro_Koizumi,0.47966246581077576,0.36310362815856934,0.55387908,0.2347431778907776,False,True,True,0.005,0.001,10,1.1878843307495117,0.005000025033950806,0.5427221630000076
vf_de0f6061f493,pair_000108,targeted_pgd_facenet_verification,facenet-pytorch/InceptionResnetV1,vggface2,samples/0.005/vf_de0f6061f493/source/Donald_Rumsfeld_0017.jpg,samples/0.005/vf_de0f6061f493/target_enroll/Jean_Chretien_0007.jpg,samples/0.005/vf_de0f6061f493/adversarial/Donald_Rumsfeld_Donald_Rumsfeld_0017_to_Jean_Chretien_Jean_Chretien_0007_facenet_eps0.005_a0.001_s10.jpg,samples/0.005/vf_de0f6061f493/perturbation/Donald_Rumsfeld_Donald_Rumsfeld_0017_to_Jean_Chretien_Jean_Chretien_0007_facenet_eps0.005_a0.001_s10_perturbation.jpg,Donald_Rumsfeld,Jean_Chretien,0.47966246581077576,0.23002798855304718,0.49679407,0.3274867981672287,False,True,True,0.005,0.001,10,1.2136589288711548,0.005000025033950806,0.5322855809999965
vf_6663921a6626,pair_000113,targeted_pgd_facenet_verification,facenet-pytorch/InceptionResnetV1,vggface2,samples/0.005/vf_6663921a6626/source/John_Ashcroft_0006.jpg,samples/0.005/vf_6663921a6626/target_enroll/George_W_Bush_0374.jpg,samples/0.005/vf_6663921a6626/adversarial/John_Ashcroft_John_Ashcroft_0006_to_George_W_Bush_George_W_Bush_0374_facenet_eps0.005_a0.001_s10.jpg,samples/0.005/vf_6663921a6626/perturbation/John_Ashcroft_John_Ashcroft_0006_to_George_W_Bush_George_W_Bush_0374_facenet_eps0.005_a0.001_s10_perturbation.jpg,John_Ashcroft,George_W_Bush,0.47966246581077576,0.2551112174987793,0.53202081,0.29973435401916504,False,True,True,0.005,0.001,10,1.1979924440383911,0.005000025033950806,0.539009286999999
vf_41c6973c03e0,pair_000117,targeted_pgd_facenet_verification,facenet-pytorch/InceptionResnetV1,vggface2,samples/0.005/vf_41c6973c03e0/source/John_Ashcroft_0030.jpg,samples/0.005/vf_41c6973c03e0/target_enroll/Ariel_Sharon_0049.jpg,samples/0.005/vf_41c6973c03e0/adversarial/John_Ashcroft_John_Ashcroft_0030_to_Ariel_Sharon_Ariel_Sharon_0049_facenet_eps0.005_a0.001_s10.jpg,samples/0.005/vf_41c6973c03e0/perturbation/John_Ashcroft_John_Ashcroft_0030_to_Ariel_Sharon_Ariel_Sharon_0049_facenet_eps0.005_a0.001_s10_perturbation.jpg,John_Ashcroft,Ariel_Sharon,0.47966246581077576,0.23801392316818237,0.48298448,0.2731870412826538,False,True,True,0.005,0.001,10,1.1755026578903198,0.005000025033950806,0.5401554980001038
vf_9acfe905916e,pair_000118,targeted_pgd_facenet_verification,facenet-pytorch/InceptionResnetV1,vggface2,samples/0.005/vf_9acfe905916e/source/George_W_Bush_0064.jpg,samples/0.005/vf_9acfe905916e/target_enroll/Tony_Blair_0077.jpg,samples/0.005/vf_9acfe905916e/adversarial/George_W_Bush_George_W_Bush_0064_to_Tony_Blair_Tony_Blair_0077_facenet_eps0.005_a0.001_s10.jpg,samples/0.005/vf_9acfe905916e/perturbation/George_W_Bush_George_W_Bush_0064_to_Tony_Blair_Tony_Blair_0077_facenet_eps0.005_a0.001_s10_perturbation.jpg,George_W_Bush,Tony_Blair,0.47966246581077576,0.2625645697116852,0.52045453,0.28483816981315613,False,True,True,0.005,0.001,10,1.193442463874817,0.005000025033950806,0.5342973869999241
vf_2f6130d35090,pair_000125,targeted_pgd_facenet_verification,facenet-pytorch/InceptionResnetV1,vggface2,samples/0.005/vf_2f6130d35090/source/George_W_Bush_0444.jpg,samples/0.005/vf_2f6130d35090/target_enroll/Donald_Rumsfeld_0069.jpg,samples/0.005/vf_2f6130d35090/adversarial/George_W_Bush_George_W_Bush_0444_to_Donald_Rumsfeld_Donald_Rumsfeld_0069_facenet_eps0.005_a0.001_s10.jpg,samples/0.005/vf_2f6130d35090/perturbation/George_W_Bush_George_W_Bush_0444_to_Donald_Rumsfeld_Donald_Rumsfeld_0069_facenet_eps0.005_a0.001_s10_perturbation.jpg,George_W_Bush,Donald_Rumsfeld,0.47966246581077576,0.2838618755340576,0.57751894,0.3443261384963989,False,True,True,0.005,0.001,10,1.083263874053955,0.005000025033950806,0.5357651619999615
vf_03b510d57c63,pair_000128,targeted_pgd_facenet_verification,facenet-pytorch/InceptionResnetV1,vggface2,samples/0.005/vf_03b510d57c63/source/Tony_Blair_0104.jpg,samples/0.005/vf_03b510d57c63/target_enroll/Colin_Powell_0032.jpg,samples/0.005/vf_03b510d57c63/adversarial/Tony_Blair_Tony_Blair_0104_to_Colin_Powell_Colin_Powell_0032_facenet_eps0.005_a0.001_s10.jpg,samples/0.005/vf_03b510d57c63/perturbation/Tony_Blair_Tony_Blair_0104_to_Colin_Powell_Colin_Powell_0032_facenet_eps0.005_a0.001_s10_perturbation.jpg,Tony_Blair,Colin_Powell,0.47966246581077576,0.4402514696121216,0.6847592,0.2825510501861572,False,True,True,0.005,0.001,10,1.2259749174118042,0.005000025033950806,0.538329701000066
vf_46e08db5e071,pair_000132,targeted_pgd_facenet_verification,facenet-pytorch/InceptionResnetV1,vggface2,samples/0.005/vf_46e08db5e071/source/Donald_Rumsfeld_0082.jpg,samples/0.005/vf_46e08db5e071/target_enroll/Gerhard_Schroeder_0098.jpg,samples/0.005/vf_46e08db5e071/adversarial/Donald_Rumsfeld_Donald_Rumsfeld_0082_to_Gerhard_Schroeder_Gerhard_Schroeder_0098_facenet_eps0.005_a0.001_s10.jpg,samples/0.005/vf_46e08db5e071/perturbation/Donald_Rumsfeld_Donald_Rumsfeld_0082_to_Gerhard_Schroeder_Gerhard_Schroeder_0098_facenet_eps0.005_a0.001_s10_perturbation.jpg,Donald_Rumsfeld,Gerhard_Schroeder,0.47966246581077576,0.22481846809387207,0.51011944,0.3225786089897156,False,True,True,0.005,0.001,10,1.1674169301986694,0.005000025033950806,0.5412590970001929
vf_f26efc3bb6c7,pair_000147,targeted_pgd_facenet_verification,facenet-pytorch/InceptionResnetV1,vggface2,samples/0.005/vf_f26efc3bb6c7/source/Colin_Powell_0179.jpg,samples/0.005/vf_f26efc3bb6c7/target_enroll/Tony_Blair_0027.jpg,samples/0.005/vf_f26efc3bb6c7/adversarial/Colin_Powell_Colin_Powell_0179_to_Tony_Blair_Tony_Blair_0027_facenet_eps0.005_a0.001_s10.jpg,samples/0.005/vf_f26efc3bb6c7/perturbation/Colin_Powell_Colin_Powell_0179_to_Tony_Blair_Tony_Blair_0027_facenet_eps0.005_a0.001_s10_perturbation.jpg,Colin_Powell,Tony_Blair,0.47966246581077576,0.3366205096244812,0.55842996,0.2667641043663025,False,True,True,0.005,0.001,10,1.1714544296264648,0.005000025033950806,0.5332446330000948
vf_e671675ac227,pair_000150,targeted_pgd_facenet_verification,facenet-pytorch/InceptionResnetV1,vggface2,samples/0.005/vf_e671675ac227/source/John_Ashcroft_0008.jpg,samples/0.005/vf_e671675ac227/target_enroll/Gerhard_Schroeder_0023.jpg,samples/0.005/vf_e671675ac227/adversarial/John_Ashcroft_John_Ashcroft_0008_to_Gerhard_Schroeder_Gerhard_Schroeder_0023_facenet_eps0.005_a0.001_s10.jpg,samples/0.005/vf_e671675ac227/perturbation/John_Ashcroft_John_Ashcroft_0008_to_Gerhard_Schroeder_Gerhard_Schroeder_0023_facenet_eps0.005_a0.001_s10_perturbation.jpg,John_Ashcroft,Gerhard_Schroeder,0.47966246581077576,0.21702134609222412,0.49051306,0.3106738328933716,False,True,True,0.005,0.001,10,1.186301827430725,0.005000025033950806,0.5324517479998576
vf_97fa354afcb4,pair_000154,targeted_pgd_facenet_verification,facenet-pytorch/InceptionResnetV1,vggface2,samples/0.005/vf_97fa354afcb4/source/Gerhard_Schroeder_0061.jpg,samples/0.005/vf_97fa354afcb4/target_enroll/Hugo_Chavez_0019.jpg,samples/0.005/vf_97fa354afcb4/adversarial/Gerhard_Schroeder_Gerhard_Schroeder_0061_to_Hugo_Chavez_Hugo_Chavez_0019_facenet_eps0.005_a0.001_s10.jpg,samples/0.005/vf_97fa354afcb4/perturbation/Gerhard_Schroeder_Gerhard_Schroeder_0061_to_Hugo_Chavez_Hugo_Chavez_0019_facenet_eps0.005_a0.001_s10_perturbation.jpg,Gerhard_Schroeder,Hugo_Chavez,0.47966246581077576,0.24971015751361847,0.57887578,0.37151937186717987,False,True,True,0.005,0.001,10,1.2224663496017456,0.005000025033950806,0.5363609540002017
vf_bc1ed0750229,pair_000160,targeted_pgd_facenet_verification,facenet-pytorch/InceptionResnetV1,vggface2,samples/0.005/vf_bc1ed0750229/source/Junichiro_Koizumi_0049.jpg,samples/0.005/vf_bc1ed0750229/target_enroll/Hugo_Chavez_0051.jpg,samples/0.005/vf_bc1ed0750229/adversarial/Junichiro_Koizumi_Junichiro_Koizumi_0049_to_Hugo_Chavez_Hugo_Chavez_0051_facenet_eps0.005_a0.001_s10.jpg,samples/0.005/vf_bc1ed0750229/perturbation/Junichiro_Koizumi_Junichiro_Koizumi_0049_to_Hugo_Chavez_Hugo_Chavez_0051_facenet_eps0.005_a0.001_s10_perturbation.jpg,Junichiro_Koizumi,Hugo_Chavez,0.47966246581077576,0.26550135016441345,0.50937778,0.2726272642612457,False,True,True,0.005,0.001,10,1.1529440879821777,0.005000025033950806,0.5335778219998701
vf_e275ab08155c,pair_000164,targeted_pgd_facenet_verification,facenet-pytorch/InceptionResnetV1,vggface2,samples/0.005/vf_e275ab08155c/source/Tony_Blair_0063.jpg,samples/0.005/vf_e275ab08155c/target_enroll/John_Ashcroft_0013.jpg,samples/0.005/vf_e275ab08155c/adversarial/Tony_Blair_Tony_Blair_0063_to_John_Ashcroft_John_Ashcroft_0013_facenet_eps0.005_a0.001_s10.jpg,samples/0.005/vf_e275ab08155c/perturbation/Tony_Blair_Tony_Blair_0063_to_John_Ashcroft_John_Ashcroft_0013_facenet_eps0.005_a0.001_s10_perturbation.jpg,Tony_Blair,John_Ashcroft,0.47966246581077576,0.19368895888328552,0.49607688,0.3828693926334381,False,True,True,0.005,0.001,10,1.1610193252563477,0.005000025033950806,0.5490485379998518
vf_68193fc82496,pair_000172,targeted_pgd_facenet_verification,facenet-pytorch/InceptionResnetV1,vggface2,samples/0.005/vf_68193fc82496/source/Tony_Blair_0120.jpg,samples/0.005/vf_68193fc82496/target_enroll/John_Ashcroft_0043.jpg,samples/0.005/vf_68193fc82496/adversarial/Tony_Blair_Tony_Blair_0120_to_John_Ashcroft_John_Ashcroft_0043_facenet_eps0.005_a0.001_s10.jpg,samples/0.005/vf_68193fc82496/perturbation/Tony_Blair_Tony_Blair_0120_to_John_Ashcroft_John_Ashcroft_0043_facenet_eps0.005_a0.001_s10_perturbation.jpg,Tony_Blair,John_Ashcroft,0.47966246581077576,0.16956353187561035,0.53568834,0.41547906398773193,False,True,True,0.005,0.001,10,1.2126511335372925,0.005000025033950806,0.5291542080001364
vf_fd2dc09a4922,pair_000173,targeted_pgd_facenet_verification,facenet-pytorch/InceptionResnetV1,vggface2,samples/0.005/vf_fd2dc09a4922/source/Hugo_Chavez_0046.jpg,samples/0.005/vf_fd2dc09a4922/target_enroll/Colin_Powell_0212.jpg,samples/0.005/vf_fd2dc09a4922/adversarial/Hugo_Chavez_Hugo_Chavez_0046_to_Colin_Powell_Colin_Powell_0212_facenet_eps0.005_a0.001_s10.jpg,samples/0.005/vf_fd2dc09a4922/perturbation/Hugo_Chavez_Hugo_Chavez_0046_to_Colin_Powell_Colin_Powell_0212_facenet_eps0.005_a0.001_s10_perturbation.jpg,Hugo_Chavez,Colin_Powell,0.47966246581077576,0.24413633346557617,0.50137103,0.29259467124938965,False,True,True,0.005,0.001,10,1.1811118125915527,0.005000025033950806,0.5347626499999478
vf_5ceb016afb70,pair_000175,targeted_pgd_facenet_verification,facenet-pytorch/InceptionResnetV1,vggface2,samples/0.005/vf_5ceb016afb70/source/Gerhard_Schroeder_0098.jpg,samples/0.005/vf_5ceb016afb70/target_enroll/Jean_Chretien_0015.jpg,samples/0.005/vf_5ceb016afb70/adversarial/Gerhard_Schroeder_Gerhard_Schroeder_0098_to_Jean_Chretien_Jean_Chretien_0015_facenet_eps0.005_a0.001_s10.jpg,samples/0.005/vf_5ceb016afb70/perturbation/Gerhard_Schroeder_Gerhard_Schroeder_0098_to_Jean_Chretien_Jean_Chretien_0015_facenet_eps0.005_a0.001_s10_perturbation.jpg,Gerhard_Schroeder,Jean_Chretien,0.47966246581077576,0.21243226528167725,0.48819858,0.33068716526031494,False,True,True,0.005,0.001,10,1.158927083015442,0.005000025033950806,0.5419161689999328
vf_1fe2e3fe83ec,pair_000184,targeted_pgd_facenet_verification,facenet-pytorch/InceptionResnetV1,vggface2,samples/0.005/vf_1fe2e3fe83ec/source/George_W_Bush_0111.jpg,samples/0.005/vf_1fe2e3fe83ec/target_enroll/Gerhard_Schroeder_0024.jpg,samples/0.005/vf_1fe2e3fe83ec/adversarial/George_W_Bush_George_W_Bush_0111_to_Gerhard_Schroeder_Gerhard_Schroeder_0024_facenet_eps0.005_a0.001_s10.jpg,samples/0.005/vf_1fe2e3fe83ec/perturbation/George_W_Bush_George_W_Bush_0111_to_Gerhard_Schroeder_Gerhard_Schroeder_0024_facenet_eps0.005_a0.001_s10_perturbation.jpg,George_W_Bush,Gerhard_Schroeder,0.47966246581077576,0.3401437997817993,0.65094602,0.35519254207611084,False,True,True,0.005,0.001,10,1.151973843574524,0.005000025033950806,0.5600341309998385
vf_72324ad0e227,pair_000190,targeted_pgd_facenet_verification,facenet-pytorch/InceptionResnetV1,vggface2,samples/0.005/vf_72324ad0e227/source/George_W_Bush_0175.jpg,samples/0.005/vf_72324ad0e227/target_enroll/Gerhard_Schroeder_0075.jpg,samples/0.005/vf_72324ad0e227/adversarial/George_W_Bush_George_W_Bush_0175_to_Gerhard_Schroeder_Gerhard_Schroeder_0075_facenet_eps0.005_a0.001_s10.jpg,samples/0.005/vf_72324ad0e227/perturbation/George_W_Bush_George_W_Bush_0175_to_Gerhard_Schroeder_Gerhard_Schroeder_0075_facenet_eps0.005_a0.001_s10_perturbation.jpg,George_W_Bush,Gerhard_Schroeder,0.47966246581077576,0.16867852210998535,0.49328721,0.3628535866737366,False,True,True,0.005,0.001,10,1.191947340965271,0.005000025033950806,0.5352693879999606
vf_3f32d29a8cee,pair_000191,targeted_pgd_facenet_verification,facenet-pytorch/InceptionResnetV1,vggface2,samples/0.005/vf_3f32d29a8cee/source/Hugo_Chavez_0053.jpg,samples/0.005/vf_3f32d29a8cee/target_enroll/Colin_Powell_0212.jpg,samples/0.005/vf_3f32d29a8cee/adversarial/Hugo_Chavez_Hugo_Chavez_0053_to_Colin_Powell_Colin_Powell_0212_facenet_eps0.005_a0.001_s10.jpg,samples/0.005/vf_3f32d29a8cee/perturbation/Hugo_Chavez_Hugo_Chavez_0053_to_Colin_Powell_Colin_Powell_0212_facenet_eps0.005_a0.001_s10_perturbation.jpg,Hugo_Chavez,Colin_Powell,0.47966246581077576,0.32002243399620056,0.50621539,0.2042085826396942,False,True,True,0.005,0.001,10,1.1687970161437988,0.005000025033950806,0.5299787710000601
vf_07ec11b48deb,pair_000192,targeted_pgd_facenet_verification,facenet-pytorch/InceptionResnetV1,vggface2,samples/0.005/vf_07ec11b48deb/source/Donald_Rumsfeld_0119.jpg,samples/0.005/vf_07ec11b48deb/target_enroll/Tony_Blair_0063.jpg,samples/0.005/vf_07ec11b48deb/adversarial/Donald_Rumsfeld_Donald_Rumsfeld_0119_to_Tony_Blair_Tony_Blair_0063_facenet_eps0.005_a0.001_s10.jpg,samples/0.005/vf_07ec11b48deb/perturbation/Donald_Rumsfeld_Donald_Rumsfeld_0119_to_Tony_Blair_Tony_Blair_0063_facenet_eps0.005_a0.001_s10_perturbation.jpg,Donald_Rumsfeld,Tony_Blair,0.47966246581077576,0.23458966612815857,0.48058242,0.2909030616283417,False,True,True,0.005,0.001,10,1.2176198959350586,0.005000025033950806,0.5308695270000499
vf_e612aaf13640,pair_000193,targeted_pgd_facenet_verification,facenet-pytorch/InceptionResnetV1,vggface2,samples/0.005/vf_e612aaf13640/source/George_W_Bush_0239.jpg,samples/0.005/vf_e612aaf13640/target_enroll/Jean_Chretien_0031.jpg,samples/0.005/vf_e612aaf13640/adversarial/George_W_Bush_George_W_Bush_0239_to_Jean_Chretien_Jean_Chretien_0031_facenet_eps0.005_a0.001_s10.jpg,samples/0.005/vf_e612aaf13640/perturbation/George_W_Bush_George_W_Bush_0239_to_Jean_Chretien_Jean_Chretien_0031_facenet_eps0.005_a0.001_s10_perturbation.jpg,George_W_Bush,Jean_Chretien,0.47966246581077576,0.18537792563438416,0.46986148,0.334390252828598,False,False,True,0.005,0.001,10,1.1564600467681885,0.005000025033950806,0.5348068990001593
vf_41614476c16e,pair_000201,targeted_pgd_facenet_verification,facenet-pytorch/InceptionResnetV1,vggface2,samples/0.005/vf_41614476c16e/source/Jean_Chretien_0040.jpg,samples/0.005/vf_41614476c16e/target_enroll/Hugo_Chavez_0038.jpg,samples/0.005/vf_41614476c16e/adversarial/Jean_Chretien_Jean_Chretien_0040_to_Hugo_Chavez_Hugo_Chavez_0038_facenet_eps0.005_a0.001_s10.jpg,samples/0.005/vf_41614476c16e/perturbation/Jean_Chretien_Jean_Chretien_0040_to_Hugo_Chavez_Hugo_Chavez_0038_facenet_eps0.005_a0.001_s10_perturbation.jpg,Jean_Chretien,Hugo_Chavez,0.47966246581077576,0.20822519063949585,0.47257304,0.32236331701278687,False,False,True,0.005,0.001,10,1.2299822568893433,0.005000025033950806,0.5401842090000173
vf_9d4939f90db1,pair_000206,targeted_pgd_facenet_verification,facenet-pytorch/InceptionResnetV1,vggface2,samples/0.005/vf_9d4939f90db1/source/Donald_Rumsfeld_0036.jpg,samples/0.005/vf_9d4939f90db1/target_enroll/Jean_Chretien_0031.jpg,samples/0.005/vf_9d4939f90db1/adversarial/Donald_Rumsfeld_Donald_Rumsfeld_0036_to_Jean_Chretien_Jean_Chretien_0031_facenet_eps0.005_a0.001_s10.jpg,samples/0.005/vf_9d4939f90db1/perturbation/Donald_Rumsfeld_Donald_Rumsfeld_0036_to_Jean_Chretien_Jean_Chretien_0031_facenet_eps0.005_a0.001_s10_perturbation.jpg,Donald_Rumsfeld,Jean_Chretien,0.47966246581077576,0.44168901443481445,0.76164943,0.33848607540130615,False,True,True,0.005,0.001,10,1.2076668739318848,0.005000025033950806,0.5335262910000438
vf_3bb8e110c38d,pair_000208,targeted_pgd_facenet_verification,facenet-pytorch/InceptionResnetV1,vggface2,samples/0.005/vf_3bb8e110c38d/source/George_W_Bush_0024.jpg,samples/0.005/vf_3bb8e110c38d/target_enroll/Hugo_Chavez_0032.jpg,samples/0.005/vf_3bb8e110c38d/adversarial/George_W_Bush_George_W_Bush_0024_to_Hugo_Chavez_Hugo_Chavez_0032_facenet_eps0.005_a0.001_s10.jpg,samples/0.005/vf_3bb8e110c38d/perturbation/George_W_Bush_George_W_Bush_0024_to_Hugo_Chavez_Hugo_Chavez_0032_facenet_eps0.005_a0.001_s10_perturbation.jpg,George_W_Bush,Hugo_Chavez,0.47966246581077576,0.20576512813568115,0.45437643,0.29002201557159424,False,False,True,0.005,0.001,10,1.217962384223938,0.005000025033950806,0.5362380500000654
vf_67de95f8645a,pair_000209,targeted_pgd_facenet_verification,facenet-pytorch/InceptionResnetV1,vggface2,samples/0.005/vf_67de95f8645a/source/John_Ashcroft_0018.jpg,samples/0.005/vf_67de95f8645a/target_enroll/George_W_Bush_0374.jpg,samples/0.005/vf_67de95f8645a/adversarial/John_Ashcroft_John_Ashcroft_0018_to_George_W_Bush_George_W_Bush_0374_facenet_eps0.005_a0.001_s10.jpg,samples/0.005/vf_67de95f8645a/perturbation/John_Ashcroft_John_Ashcroft_0018_to_George_W_Bush_George_W_Bush_0374_facenet_eps0.005_a0.001_s10_perturbation.jpg,John_Ashcroft,George_W_Bush,0.47966246581077576,0.2542901635169983,0.54405886,0.31727665662765503,False,True,True,0.005,0.001,10,1.2111331224441528,0.005000025033950806,0.5338149110000359
vf_7678ec274d7c,pair_000002,targeted_pgd_facenet_verification,facenet-pytorch/InceptionResnetV1,vggface2,samples/0.010/vf_7678ec274d7c/source/John_Ashcroft_0030.jpg,samples/0.010/vf_7678ec274d7c/target_enroll/Tony_Blair_0051.jpg,samples/0.010/vf_7678ec274d7c/adversarial/John_Ashcroft_John_Ashcroft_0030_to_Tony_Blair_Tony_Blair_0051_facenet_eps0.010_a0.001_s10.jpg,samples/0.010/vf_7678ec274d7c/perturbation/John_Ashcroft_John_Ashcroft_0030_to_Tony_Blair_Tony_Blair_0051_facenet_eps0.010_a0.001_s10_perturbation.jpg,John_Ashcroft,Tony_Blair,0.47966246581077576,0.25670093297958374,0.58916825,0.4336996078491211,False,True,True,0.01,0.001,10,1.8705813884735107,0.01000000536441803,1.0820581890002359
vf_77929c8ec426,pair_000004,targeted_pgd_facenet_verification,facenet-pytorch/InceptionResnetV1,vggface2,samples/0.010/vf_77929c8ec426/source/Tony_Blair_0080.jpg,samples/0.010/vf_77929c8ec426/target_enroll/Colin_Powell_0218.jpg,samples/0.010/vf_77929c8ec426/adversarial/Tony_Blair_Tony_Blair_0080_to_Colin_Powell_Colin_Powell_0218_facenet_eps0.010_a0.001_s10.jpg,samples/0.010/vf_77929c8ec426/perturbation/Tony_Blair_Tony_Blair_0080_to_Colin_Powell_Colin_Powell_0218_facenet_eps0.010_a0.001_s10_perturbation.jpg,Tony_Blair,Colin_Powell,0.47966246581077576,0.3230995237827301,0.62700939,0.3837277591228485,False,True,True,0.01,0.001,10,1.93325936794281,0.01000000536441803,0.5399813899998662
vf_2e9c27c13851,pair_000005,targeted_pgd_facenet_verification,facenet-pytorch/InceptionResnetV1,vggface2,samples/0.010/vf_2e9c27c13851/source/George_W_Bush_0473.jpg,samples/0.010/vf_2e9c27c13851/target_enroll/Jean_Chretien_0036.jpg,samples/0.010/vf_2e9c27c13851/adversarial/George_W_Bush_George_W_Bush_0473_to_Jean_Chretien_Jean_Chretien_0036_facenet_eps0.010_a0.001_s10.jpg,samples/0.010/vf_2e9c27c13851/perturbation/George_W_Bush_George_W_Bush_0473_to_Jean_Chretien_Jean_Chretien_0036_facenet_eps0.010_a0.001_s10_perturbation.jpg,George_W_Bush,Jean_Chretien,0.47966246581077576,-0.04813320189714432,0.46530131,0.6254977658390999,False,False,True,0.01,0.001,10,2.0060293674468994,0.01000000536441803,0.5352362459998403
vf_5a94edcabb77,pair_000007,targeted_pgd_facenet_verification,facenet-pytorch/InceptionResnetV1,vggface2,samples/0.010/vf_5a94edcabb77/source/Junichiro_Koizumi_0017.jpg,samples/0.010/vf_5a94edcabb77/target_enroll/George_W_Bush_0391.jpg,samples/0.010/vf_5a94edcabb77/adversarial/Junichiro_Koizumi_Junichiro_Koizumi_0017_to_George_W_Bush_George_W_Bush_0391_facenet_eps0.010_a0.001_s10.jpg,samples/0.010/vf_5a94edcabb77/perturbation/Junichiro_Koizumi_Junichiro_Koizumi_0017_to_George_W_Bush_George_W_Bush_0391_facenet_eps0.010_a0.001_s10_perturbation.jpg,Junichiro_Koizumi,George_W_Bush,0.47966246581077576,0.3100721538066864,0.85273051,0.6122960150241852,False,True,True,0.01,0.001,10,1.8304184675216675,0.01000000536441803,0.5364538320000065
vf_52d06780daa5,pair_000009,targeted_pgd_facenet_verification,facenet-pytorch/InceptionResnetV1,vggface2,samples/0.010/vf_52d06780daa5/source/Tony_Blair_0016.jpg,samples/0.010/vf_52d06780daa5/target_enroll/Junichiro_Koizumi_0047.jpg,samples/0.010/vf_52d06780daa5/adversarial/Tony_Blair_Tony_Blair_0016_to_Junichiro_Koizumi_Junichiro_Koizumi_0047_facenet_eps0.010_a0.001_s10.jpg,samples/0.010/vf_52d06780daa5/perturbation/Tony_Blair_Tony_Blair_0016_to_Junichiro_Koizumi_Junichiro_Koizumi_0047_facenet_eps0.010_a0.001_s10_perturbation.jpg,Tony_Blair,Junichiro_Koizumi,0.47966246581077576,0.23096619546413422,0.57500362,0.4228403717279434,False,True,True,0.01,0.001,10,2.072998046875,0.01000000536441803,0.5374535200003265
vf_a68bec247b5f,pair_000011,targeted_pgd_facenet_verification,facenet-pytorch/InceptionResnetV1,vggface2,samples/0.010/vf_a68bec247b5f/source/George_W_Bush_0251.jpg,samples/0.010/vf_a68bec247b5f/target_enroll/Jean_Chretien_0044.jpg,samples/0.010/vf_a68bec247b5f/adversarial/George_W_Bush_George_W_Bush_0251_to_Jean_Chretien_Jean_Chretien_0044_facenet_eps0.010_a0.001_s10.jpg,samples/0.010/vf_a68bec247b5f/perturbation/George_W_Bush_George_W_Bush_0251_to_Jean_Chretien_Jean_Chretien_0044_facenet_eps0.010_a0.001_s10_perturbation.jpg,George_W_Bush,Jean_Chretien,0.47966246581077576,0.08974141627550125,0.51708746,0.5171601697802544,False,True,True,0.01,0.001,10,1.9956672191619873,0.01000000536441803,0.5344173510002292
vf_b2db9c409315,pair_000017,targeted_pgd_facenet_verification,facenet-pytorch/InceptionResnetV1,vggface2,samples/0.010/vf_b2db9c409315/source/Gerhard_Schroeder_0074.jpg,samples/0.010/vf_b2db9c409315/target_enroll/Jean_Chretien_0050.jpg,samples/0.010/vf_b2db9c409315/adversarial/Gerhard_Schroeder_Gerhard_Schroeder_0074_to_Jean_Chretien_Jean_Chretien_0050_facenet_eps0.010_a0.001_s10.jpg,samples/0.010/vf_b2db9c409315/perturbation/Gerhard_Schroeder_Gerhard_Schroeder_0074_to_Jean_Chretien_Jean_Chretien_0050_facenet_eps0.010_a0.001_s10_perturbation.jpg,Gerhard_Schroeder,Jean_Chretien,0.47966246581077576,0.2069093883037567,0.61280626,0.47487667202949524,False,True,True,0.01,0.001,10,1.9523000717163086,0.01000000536441803,0.5334000160000869
vf_d4a4986c9b43,pair_000022,targeted_pgd_facenet_verification,facenet-pytorch/InceptionResnetV1,vggface2,samples/0.010/vf_d4a4986c9b43/source/Ariel_Sharon_0069.jpg,samples/0.010/vf_d4a4986c9b43/target_enroll/Hugo_Chavez_0051.jpg,samples/0.010/vf_d4a4986c9b43/adversarial/Ariel_Sharon_Ariel_Sharon_0069_to_Hugo_Chavez_Hugo_Chavez_0051_facenet_eps0.010_a0.001_s10.jpg,samples/0.010/vf_d4a4986c9b43/perturbation/Ariel_Sharon_Ariel_Sharon_0069_to_Hugo_Chavez_Hugo_Chavez_0051_facenet_eps0.010_a0.001_s10_perturbation.jpg,Ariel_Sharon,Hugo_Chavez,0.47966246581077576,0.10973245650529861,0.49036503,0.46340762823820114,False,True,True,0.01,0.001,10,1.838090419769287,0.01000000536441803,0.5391216450002503
vf_48af2e6e91f3,pair_000023,targeted_pgd_facenet_verification,facenet-pytorch/InceptionResnetV1,vggface2,samples/0.010/vf_48af2e6e91f3/source/Ariel_Sharon_0069.jpg,samples/0.010/vf_48af2e6e91f3/target_enroll/Colin_Powell_0179.jpg,samples/0.010/vf_48af2e6e91f3/adversarial/Ariel_Sharon_Ariel_Sharon_0069_to_Colin_Powell_Colin_Powell_0179_facenet_eps0.010_a0.001_s10.jpg,samples/0.010/vf_48af2e6e91f3/perturbation/Ariel_Sharon_Ariel_Sharon_0069_to_Colin_Powell_Colin_Powell_0179_facenet_eps0.010_a0.001_s10_perturbation.jpg,Ariel_Sharon,Colin_Powell,0.47966246581077576,0.28864219784736633,0.61002445,0.40854713320732117,False,True,True,0.01,0.001,10,1.7651774883270264,0.01000000536441803,0.5240222379998158
vf_1a4a35393e20,pair_000029,targeted_pgd_facenet_verification,facenet-pytorch/InceptionResnetV1,vggface2,samples/0.010/vf_1a4a35393e20/source/George_W_Bush_0442.jpg,samples/0.010/vf_1a4a35393e20/target_enroll/Tony_Blair_0088.jpg,samples/0.010/vf_1a4a35393e20/adversarial/George_W_Bush_George_W_Bush_0442_to_Tony_Blair_Tony_Blair_0088_facenet_eps0.010_a0.001_s10.jpg,samples/0.010/vf_1a4a35393e20/perturbation/George_W_Bush_George_W_Bush_0442_to_Tony_Blair_Tony_Blair_0088_facenet_eps0.010_a0.001_s10_perturbation.jpg,George_W_Bush,Tony_Blair,0.47966246581077576,0.2958222031593323,0.64751679,0.4388415217399597,False,True,True,0.01,0.001,10,1.886924386024475,0.01000000536441803,0.5278443520001019
vf_69175dbfa8d3,pair_000030,targeted_pgd_facenet_verification,facenet-pytorch/InceptionResnetV1,vggface2,samples/0.010/vf_69175dbfa8d3/source/George_W_Bush_0510.jpg,samples/0.010/vf_69175dbfa8d3/target_enroll/John_Ashcroft_0006.jpg,samples/0.010/vf_69175dbfa8d3/adversarial/George_W_Bush_George_W_Bush_0510_to_John_Ashcroft_John_Ashcroft_0006_facenet_eps0.010_a0.001_s10.jpg,samples/0.010/vf_69175dbfa8d3/perturbation/George_W_Bush_George_W_Bush_0510_to_John_Ashcroft_John_Ashcroft_0006_facenet_eps0.010_a0.001_s10_perturbation.jpg,George_W_Bush,John_Ashcroft,0.47966246581077576,0.21223020553588867,0.63731933,0.5202410221099854,False,True,True,0.01,0.001,10,2.000457525253296,0.01000000536441803,0.5242560260003302
vf_c81119d6f007,pair_000032,targeted_pgd_facenet_verification,facenet-pytorch/InceptionResnetV1,vggface2,samples/0.010/vf_c81119d6f007/source/Hugo_Chavez_0046.jpg,samples/0.010/vf_c81119d6f007/target_enroll/Junichiro_Koizumi_0040.jpg,samples/0.010/vf_c81119d6f007/adversarial/Hugo_Chavez_Hugo_Chavez_0046_to_Junichiro_Koizumi_Junichiro_Koizumi_0040_facenet_eps0.010_a0.001_s10.jpg,samples/0.010/vf_c81119d6f007/perturbation/Hugo_Chavez_Hugo_Chavez_0046_to_Junichiro_Koizumi_Junichiro_Koizumi_0040_facenet_eps0.010_a0.001_s10_perturbation.jpg,Hugo_Chavez,Junichiro_Koizumi,0.47966246581077576,0.19210177659988403,0.59527409,0.476889431476593,False,True,True,0.01,0.001,10,1.9070161581039429,0.01000000536441803,0.5325823520001904
vf_498718c6771b,pair_000034,targeted_pgd_facenet_verification,facenet-pytorch/InceptionResnetV1,vggface2,samples/0.010/vf_498718c6771b/source/John_Ashcroft_0013.jpg,samples/0.010/vf_498718c6771b/target_enroll/Tony_Blair_0088.jpg,samples/0.010/vf_498718c6771b/adversarial/John_Ashcroft_John_Ashcroft_0013_to_Tony_Blair_Tony_Blair_0088_facenet_eps0.010_a0.001_s10.jpg,samples/0.010/vf_498718c6771b/perturbation/John_Ashcroft_John_Ashcroft_0013_to_Tony_Blair_Tony_Blair_0088_facenet_eps0.010_a0.001_s10_perturbation.jpg,John_Ashcroft,Tony_Blair,0.47966246581077576,0.19492340087890625,0.53963292,0.4703007936477661,False,True,True,0.01,0.001,10,1.8831404447555542,0.01000000536441803,0.5308312550000664
vf_e107de7de7da,pair_000036,targeted_pgd_facenet_verification,facenet-pytorch/InceptionResnetV1,vggface2,samples/0.010/vf_e107de7de7da/source/Gerhard_Schroeder_0084.jpg,samples/0.010/vf_e107de7de7da/target_enroll/Hugo_Chavez_0032.jpg,samples/0.010/vf_e107de7de7da/adversarial/Gerhard_Schroeder_Gerhard_Schroeder_0084_to_Hugo_Chavez_Hugo_Chavez_0032_facenet_eps0.010_a0.001_s10.jpg,samples/0.010/vf_e107de7de7da/perturbation/Gerhard_Schroeder_Gerhard_Schroeder_0084_to_Hugo_Chavez_Hugo_Chavez_0032_facenet_eps0.010_a0.001_s10_perturbation.jpg,Gerhard_Schroeder,Hugo_Chavez,0.47966246581077576,0.1922152042388916,0.59028733,0.49599921703338623,False,True,True,0.01,0.001,10,1.9492707252502441,0.01000000536441803,0.553149552999912
vf_a23252c49cc4,pair_000037,targeted_pgd_facenet_verification,facenet-pytorch/InceptionResnetV1,vggface2,samples/0.010/vf_a23252c49cc4/source/Colin_Powell_0077.jpg,samples/0.010/vf_a23252c49cc4/target_enroll/George_W_Bush_0454.jpg,samples/0.010/vf_a23252c49cc4/adversarial/Colin_Powell_Colin_Powell_0077_to_George_W_Bush_George_W_Bush_0454_facenet_eps0.010_a0.001_s10.jpg,samples/0.010/vf_a23252c49cc4/perturbation/Colin_Powell_Colin_Powell_0077_to_George_W_Bush_George_W_Bush_0454_facenet_eps0.010_a0.001_s10_perturbation.jpg,Colin_Powell,George_W_Bush,0.47966246581077576,0.11175183951854706,0.54455751,0.5253855735063553,False,True,True,0.01,0.001,10,1.9888473749160767,0.01000000536441803,0.5340451390002272
vf_2c466f39d332,pair_000044,targeted_pgd_facenet_verification,facenet-pytorch/InceptionResnetV1,vggface2,samples/0.010/vf_2c466f39d332/source/Gerhard_Schroeder_0063.jpg,samples/0.010/vf_2c466f39d332/target_enroll/George_W_Bush_0434.jpg,samples/0.010/vf_2c466f39d332/adversarial/Gerhard_Schroeder_Gerhard_Schroeder_0063_to_George_W_Bush_George_W_Bush_0434_facenet_eps0.010_a0.001_s10.jpg,samples/0.010/vf_2c466f39d332/perturbation/Gerhard_Schroeder_Gerhard_Schroeder_0063_to_George_W_Bush_George_W_Bush_0434_facenet_eps0.010_a0.001_s10_perturbation.jpg,Gerhard_Schroeder,George_W_Bush,0.47966246581077576,0.1911584734916687,0.56392252,0.45418888330459595,False,True,True,0.01,0.001,10,1.9206290245056152,0.01000000536441803,0.5615316339999481
vf_f57c19c5dea3,pair_000045,targeted_pgd_facenet_verification,facenet-pytorch/InceptionResnetV1,vggface2,samples/0.010/vf_f57c19c5dea3/source/George_W_Bush_0099.jpg,samples/0.010/vf_f57c19c5dea3/target_enroll/Hugo_Chavez_0053.jpg,samples/0.010/vf_f57c19c5dea3/adversarial/George_W_Bush_George_W_Bush_0099_to_Hugo_Chavez_Hugo_Chavez_0053_facenet_eps0.010_a0.001_s10.jpg,samples/0.010/vf_f57c19c5dea3/perturbation/George_W_Bush_George_W_Bush_0099_to_Hugo_Chavez_Hugo_Chavez_0053_facenet_eps0.010_a0.001_s10_perturbation.jpg,George_W_Bush,Hugo_Chavez,0.47966246581077576,0.03405424579977989,0.47401795,0.5586159564554691,False,False,True,0.01,0.001,10,1.9569036960601807,0.01000000536441803,0.5384841060003964
vf_a8e2b921c5b6,pair_000049,targeted_pgd_facenet_verification,facenet-pytorch/InceptionResnetV1,vggface2,samples/0.010/vf_a8e2b921c5b6/source/Donald_Rumsfeld_0061.jpg,samples/0.010/vf_a8e2b921c5b6/target_enroll/Junichiro_Koizumi_0058.jpg,samples/0.010/vf_a8e2b921c5b6/adversarial/Donald_Rumsfeld_Donald_Rumsfeld_0061_to_Junichiro_Koizumi_Junichiro_Koizumi_0058_facenet_eps0.010_a0.001_s10.jpg,samples/0.010/vf_a8e2b921c5b6/perturbation/Donald_Rumsfeld_Donald_Rumsfeld_0061_to_Junichiro_Koizumi_Junichiro_Koizumi_0058_facenet_eps0.010_a0.001_s10_perturbation.jpg,Donald_Rumsfeld,Junichiro_Koizumi,0.47966246581077576,-0.030870646238327026,0.43004632,0.5379666984081268,False,False,True,0.01,0.001,10,1.9389455318450928,0.01000000536441803,0.5357508399997641
vf_13a12934ff67,pair_000052,targeted_pgd_facenet_verification,facenet-pytorch/InceptionResnetV1,vggface2,samples/0.010/vf_13a12934ff67/source/Colin_Powell_0050.jpg,samples/0.010/vf_13a12934ff67/target_enroll/John_Ashcroft_0008.jpg,samples/0.010/vf_13a12934ff67/adversarial/Colin_Powell_Colin_Powell_0050_to_John_Ashcroft_John_Ashcroft_0008_facenet_eps0.010_a0.001_s10.jpg,samples/0.010/vf_13a12934ff67/perturbation/Colin_Powell_Colin_Powell_0050_to_John_Ashcroft_John_Ashcroft_0008_facenet_eps0.010_a0.001_s10_perturbation.jpg,Colin_Powell,John_Ashcroft,0.47966246581077576,0.13571301102638245,0.45301235,0.3878786265850067,False,False,True,0.01,0.001,10,1.9416537284851074,0.01000000536441803,0.5319432690002941
vf_5820ea90f485,pair_000053,targeted_pgd_facenet_verification,facenet-pytorch/InceptionResnetV1,vggface2,samples/0.010/vf_5820ea90f485/source/John_Ashcroft_0013.jpg,samples/0.010/vf_5820ea90f485/target_enroll/Jean_Chretien_0040.jpg,samples/0.010/vf_5820ea90f485/adversarial/John_Ashcroft_John_Ashcroft_0013_to_Jean_Chretien_Jean_Chretien_0040_facenet_eps0.010_a0.001_s10.jpg,samples/0.010/vf_5820ea90f485/perturbation/John_Ashcroft_John_Ashcroft_0013_to_Jean_Chretien_Jean_Chretien_0040_facenet_eps0.010_a0.001_s10_perturbation.jpg,John_Ashcroft,Jean_Chretien,0.47966246581077576,0.030508117750287056,0.39753827,0.4643502067774534,False,False,True,0.01,0.001,10,1.9007394313812256,0.01000000536441803,0.5407601469996735
vf_2930b537e255,pair_000054,targeted_pgd_facenet_verification,facenet-pytorch/InceptionResnetV1,vggface2,samples/0.010/vf_2930b537e255/source/Donald_Rumsfeld_0091.jpg,samples/0.010/vf_2930b537e255/target_enroll/John_Ashcroft_0026.jpg,samples/0.010/vf_2930b537e255/adversarial/Donald_Rumsfeld_Donald_Rumsfeld_0091_to_John_Ashcroft_John_Ashcroft_0026_facenet_eps0.010_a0.001_s10.jpg,samples/0.010/vf_2930b537e255/perturbation/Donald_Rumsfeld_Donald_Rumsfeld_0091_to_John_Ashcroft_John_Ashcroft_0026_facenet_eps0.010_a0.001_s10_perturbation.jpg,Donald_Rumsfeld,John_Ashcroft,0.47966246581077576,0.22119750082492828,0.5750457,0.44864438474178314,False,True,True,0.01,0.001,10,2.001997470855713,0.01000000536441803,0.5294166139997287
vf_eb469b686ce7,pair_000056,targeted_pgd_facenet_verification,facenet-pytorch/InceptionResnetV1,vggface2,samples/0.010/vf_eb469b686ce7/source/Ariel_Sharon_0042.jpg,samples/0.010/vf_eb469b686ce7/target_enroll/Donald_Rumsfeld_0006.jpg,samples/0.010/vf_eb469b686ce7/adversarial/Ariel_Sharon_Ariel_Sharon_0042_to_Donald_Rumsfeld_Donald_Rumsfeld_0006_facenet_eps0.010_a0.001_s10.jpg,samples/0.010/vf_eb469b686ce7/perturbation/Ariel_Sharon_Ariel_Sharon_0042_to_Donald_Rumsfeld_Donald_Rumsfeld_0006_facenet_eps0.010_a0.001_s10_perturbation.jpg,Ariel_Sharon,Donald_Rumsfeld,0.47966246581077576,0.10943670570850372,0.46973717,0.46601758897304535,False,False,True,0.01,0.001,10,1.919550895690918,0.01000000536441803,0.5336938489999739
vf_02078c82c5db,pair_000057,targeted_pgd_facenet_verification,facenet-pytorch/InceptionResnetV1,vggface2,samples/0.010/vf_02078c82c5db/source/Gerhard_Schroeder_0075.jpg,samples/0.010/vf_02078c82c5db/target_enroll/Hugo_Chavez_0046.jpg,samples/0.010/vf_02078c82c5db/adversarial/Gerhard_Schroeder_Gerhard_Schroeder_0075_to_Hugo_Chavez_Hugo_Chavez_0046_facenet_eps0.010_a0.001_s10.jpg,samples/0.010/vf_02078c82c5db/perturbation/Gerhard_Schroeder_Gerhard_Schroeder_0075_to_Hugo_Chavez_Hugo_Chavez_0046_facenet_eps0.010_a0.001_s10_perturbation.jpg,Gerhard_Schroeder,Hugo_Chavez,0.47966246581077576,0.3084094226360321,0.71012312,0.48851457238197327,False,True,True,0.01,0.001,10,2.0121476650238037,0.01000000536441803,0.5380803759999253
vf_81ae781b218a,pair_000060,targeted_pgd_facenet_verification,facenet-pytorch/InceptionResnetV1,vggface2,samples/0.010/vf_81ae781b218a/source/Ariel_Sharon_0059.jpg,samples/0.010/vf_81ae781b218a/target_enroll/Donald_Rumsfeld_0091.jpg,samples/0.010/vf_81ae781b218a/adversarial/Ariel_Sharon_Ariel_Sharon_0059_to_Donald_Rumsfeld_Donald_Rumsfeld_0091_facenet_eps0.010_a0.001_s10.jpg,samples/0.010/vf_81ae781b218a/perturbation/Ariel_Sharon_Ariel_Sharon_0059_to_Donald_Rumsfeld_Donald_Rumsfeld_0091_facenet_eps0.010_a0.001_s10_perturbation.jpg,Ariel_Sharon,Donald_Rumsfeld,0.47966246581077576,0.08015882223844528,0.44783095,0.4581824019551277,False,False,True,0.01,0.001,10,1.9108048677444458,0.01000000536441803,0.5360414149999997
vf_c3984b058a86,pair_000062,targeted_pgd_facenet_verification,facenet-pytorch/InceptionResnetV1,vggface2,samples/0.010/vf_c3984b058a86/source/John_Ashcroft_0018.jpg,samples/0.010/vf_c3984b058a86/target_enroll/Junichiro_Koizumi_0058.jpg,samples/0.010/vf_c3984b058a86/adversarial/John_Ashcroft_John_Ashcroft_0018_to_Junichiro_Koizumi_Junichiro_Koizumi_0058_facenet_eps0.010_a0.001_s10.jpg,samples/0.010/vf_c3984b058a86/perturbation/John_Ashcroft_John_Ashcroft_0018_to_Junichiro_Koizumi_Junichiro_Koizumi_0058_facenet_eps0.010_a0.001_s10_perturbation.jpg,John_Ashcroft,Junichiro_Koizumi,0.47966246581077576,-0.10891760885715485,0.35777718,0.589958593249321,False,False,True,0.01,0.001,10,2.035055637359619,0.01000000536441803,0.544520915999783
vf_3f651fc8ba9f,pair_000063,targeted_pgd_facenet_verification,facenet-pytorch/InceptionResnetV1,vggface2,samples/0.010/vf_3f651fc8ba9f/source/John_Ashcroft_0008.jpg,samples/0.010/vf_3f651fc8ba9f/target_enroll/Hugo_Chavez_0008.jpg,samples/0.010/vf_3f651fc8ba9f/adversarial/John_Ashcroft_John_Ashcroft_0008_to_Hugo_Chavez_Hugo_Chavez_0008_facenet_eps0.010_a0.001_s10.jpg,samples/0.010/vf_3f651fc8ba9f/perturbation/John_Ashcroft_John_Ashcroft_0008_to_Hugo_Chavez_Hugo_Chavez_0008_facenet_eps0.010_a0.001_s10_perturbation.jpg,John_Ashcroft,Hugo_Chavez,0.47966246581077576,0.29493123292922974,0.70092881,0.4865958094596863,False,True,True,0.01,0.001,10,1.9130524396896362,0.01000000536441803,0.5392860799997834
vf_5e27ff52cbc6,pair_000064,targeted_pgd_facenet_verification,facenet-pytorch/InceptionResnetV1,vggface2,samples/0.010/vf_5e27ff52cbc6/source/Colin_Powell_0185.jpg,samples/0.010/vf_5e27ff52cbc6/target_enroll/Gerhard_Schroeder_0084.jpg,samples/0.010/vf_5e27ff52cbc6/adversarial/Colin_Powell_Colin_Powell_0185_to_Gerhard_Schroeder_Gerhard_Schroeder_0084_facenet_eps0.010_a0.001_s10.jpg,samples/0.010/vf_5e27ff52cbc6/perturbation/Colin_Powell_Colin_Powell_0185_to_Gerhard_Schroeder_Gerhard_Schroeder_0084_facenet_eps0.010_a0.001_s10_perturbation.jpg,Colin_Powell,Gerhard_Schroeder,0.47966246581077576,0.36480143666267395,0.66758567,0.37422892451286316,False,True,True,0.01,0.001,10,1.959505558013916,0.01000000536441803,0.5338669100001425
vf_9ace921f0225,pair_000065,targeted_pgd_facenet_verification,facenet-pytorch/InceptionResnetV1,vggface2,samples/0.010/vf_9ace921f0225/source/Gerhard_Schroeder_0024.jpg,samples/0.010/vf_9ace921f0225/target_enroll/John_Ashcroft_0006.jpg,samples/0.010/vf_9ace921f0225/adversarial/Gerhard_Schroeder_Gerhard_Schroeder_0024_to_John_Ashcroft_John_Ashcroft_0006_facenet_eps0.010_a0.001_s10.jpg,samples/0.010/vf_9ace921f0225/perturbation/Gerhard_Schroeder_Gerhard_Schroeder_0024_to_John_Ashcroft_John_Ashcroft_0006_facenet_eps0.010_a0.001_s10_perturbation.jpg,Gerhard_Schroeder,John_Ashcroft,0.47966246581077576,0.27380460500717163,0.59128428,0.3977975845336914,False,True,True,0.01,0.001,10,1.9239341020584106,0.01000000536441803,0.5296755379999922
vf_30e8c64b814c,pair_000068,targeted_pgd_facenet_verification,facenet-pytorch/InceptionResnetV1,vggface2,samples/0.010/vf_30e8c64b814c/source/George_W_Bush_0414.jpg,samples/0.010/vf_30e8c64b814c/target_enroll/Donald_Rumsfeld_0038.jpg,samples/0.010/vf_30e8c64b814c/adversarial/George_W_Bush_George_W_Bush_0414_to_Donald_Rumsfeld_Donald_Rumsfeld_0038_facenet_eps0.010_a0.001_s10.jpg,samples/0.010/vf_30e8c64b814c/perturbation/George_W_Bush_George_W_Bush_0414_to_Donald_Rumsfeld_Donald_Rumsfeld_0038_facenet_eps0.010_a0.001_s10_perturbation.jpg,George_W_Bush,Donald_Rumsfeld,0.47966246581077576,0.1892942488193512,0.62246752,0.5187689363956451,False,True,True,0.01,0.001,10,1.9752599000930786,0.01000000536441803,0.5264359259999765
vf_32404cabc23c,pair_000070,targeted_pgd_facenet_verification,facenet-pytorch/InceptionResnetV1,vggface2,samples/0.010/vf_32404cabc23c/source/John_Ashcroft_0030.jpg,samples/0.010/vf_32404cabc23c/target_enroll/Tony_Blair_0104.jpg,samples/0.010/vf_32404cabc23c/adversarial/John_Ashcroft_John_Ashcroft_0030_to_Tony_Blair_Tony_Blair_0104_facenet_eps0.010_a0.001_s10.jpg,samples/0.010/vf_32404cabc23c/perturbation/John_Ashcroft_John_Ashcroft_0030_to_Tony_Blair_Tony_Blair_0104_facenet_eps0.010_a0.001_s10_perturbation.jpg,John_Ashcroft,Tony_Blair,0.47966246581077576,0.4787027835845947,0.74971253,0.34368324279785156,False,True,True,0.01,0.001,10,1.893934726715088,0.01000000536441803,0.5291913440000826
vf_53d46e8db10e,pair_000074,targeted_pgd_facenet_verification,facenet-pytorch/InceptionResnetV1,vggface2,samples/0.010/vf_53d46e8db10e/source/Jean_Chretien_0044.jpg,samples/0.010/vf_53d46e8db10e/target_enroll/Donald_Rumsfeld_0017.jpg,samples/0.010/vf_53d46e8db10e/adversarial/Jean_Chretien_Jean_Chretien_0044_to_Donald_Rumsfeld_Donald_Rumsfeld_0017_facenet_eps0.010_a0.001_s10.jpg,samples/0.010/vf_53d46e8db10e/perturbation/Jean_Chretien_Jean_Chretien_0044_to_Donald_Rumsfeld_Donald_Rumsfeld_0017_facenet_eps0.010_a0.001_s10_perturbation.jpg,Jean_Chretien,Donald_Rumsfeld,0.47966246581077576,0.1414480060338974,0.48609057,0.4308289438486099,False,True,True,0.01,0.001,10,1.9010447263717651,0.01000000536441803,0.5273276300004
vf_d694167e9725,pair_000077,targeted_pgd_facenet_verification,facenet-pytorch/InceptionResnetV1,vggface2,samples/0.010/vf_d694167e9725/source/Jean_Chretien_0007.jpg,samples/0.010/vf_d694167e9725/target_enroll/Tony_Blair_0066.jpg,samples/0.010/vf_d694167e9725/adversarial/Jean_Chretien_Jean_Chretien_0007_to_Tony_Blair_Tony_Blair_0066_facenet_eps0.010_a0.001_s10.jpg,samples/0.010/vf_d694167e9725/perturbation/Jean_Chretien_Jean_Chretien_0007_to_Tony_Blair_Tony_Blair_0066_facenet_eps0.010_a0.001_s10_perturbation.jpg,Jean_Chretien,Tony_Blair,0.47966246581077576,0.021916797384619713,0.44271356,0.5088804457336664,False,False,True,0.01,0.001,10,1.866568922996521,0.01000000536441803,0.5404606110000714
vf_07cf156bd5b2,pair_000078,targeted_pgd_facenet_verification,facenet-pytorch/InceptionResnetV1,vggface2,samples/0.010/vf_07cf156bd5b2/source/Tony_Blair_0043.jpg,samples/0.010/vf_07cf156bd5b2/target_enroll/Colin_Powell_0130.jpg,samples/0.010/vf_07cf156bd5b2/adversarial/Tony_Blair_Tony_Blair_0043_to_Colin_Powell_Colin_Powell_0130_facenet_eps0.010_a0.001_s10.jpg,samples/0.010/vf_07cf156bd5b2/perturbation/Tony_Blair_Tony_Blair_0043_to_Colin_Powell_Colin_Powell_0130_facenet_eps0.010_a0.001_s10_perturbation.jpg,Tony_Blair,Colin_Powell,0.47966246581077576,0.39863404631614685,0.76901895,0.4337109625339508,False,True,True,0.01,0.001,10,1.8908023834228516,0.01000000536441803,0.5503590009998334
vf_88daab4b79fc,pair_000088,targeted_pgd_facenet_verification,facenet-pytorch/InceptionResnetV1,vggface2,samples/0.010/vf_88daab4b79fc/source/John_Ashcroft_0013.jpg,samples/0.010/vf_88daab4b79fc/target_enroll/Colin_Powell_0108.jpg,samples/0.010/vf_88daab4b79fc/adversarial/John_Ashcroft_John_Ashcroft_0013_to_Colin_Powell_Colin_Powell_0108_facenet_eps0.010_a0.001_s10.jpg,samples/0.010/vf_88daab4b79fc/perturbation/John_Ashcroft_John_Ashcroft_0013_to_Colin_Powell_Colin_Powell_0108_facenet_eps0.010_a0.001_s10_perturbation.jpg,John_Ashcroft,Colin_Powell,0.47966246581077576,0.03595558553934097,0.42918509,0.48432471603155136,False,False,True,0.01,0.001,10,1.8722455501556396,0.01000000536441803,0.5545449900000676
vf_3c0c901eb282,pair_000093,targeted_pgd_facenet_verification,facenet-pytorch/InceptionResnetV1,vggface2,samples/0.010/vf_3c0c901eb282/source/Jean_Chretien_0036.jpg,samples/0.010/vf_3c0c901eb282/target_enroll/Ariel_Sharon_0042.jpg,samples/0.010/vf_3c0c901eb282/adversarial/Jean_Chretien_Jean_Chretien_0036_to_Ariel_Sharon_Ariel_Sharon_0042_facenet_eps0.010_a0.001_s10.jpg,samples/0.010/vf_3c0c901eb282/perturbation/Jean_Chretien_Jean_Chretien_0036_to_Ariel_Sharon_Ariel_Sharon_0042_facenet_eps0.010_a0.001_s10_perturbation.jpg,Jean_Chretien,Ariel_Sharon,0.47966246581077576,0.39783260226249695,0.69724667,0.38634130358695984,False,True,True,0.01,0.001,10,1.9187588691711426,0.01000000536441803,0.5308225929998116
vf_27aca419b7af,pair_000094,targeted_pgd_facenet_verification,facenet-pytorch/InceptionResnetV1,vggface2,samples/0.010/vf_27aca419b7af/source/Donald_Rumsfeld_0007.jpg,samples/0.010/vf_27aca419b7af/target_enroll/George_W_Bush_0339.jpg,samples/0.010/vf_27aca419b7af/adversarial/Donald_Rumsfeld_Donald_Rumsfeld_0007_to_George_W_Bush_George_W_Bush_0339_facenet_eps0.010_a0.001_s10.jpg,samples/0.010/vf_27aca419b7af/perturbation/Donald_Rumsfeld_Donald_Rumsfeld_0007_to_George_W_Bush_George_W_Bush_0339_facenet_eps0.010_a0.001_s10_perturbation.jpg,Donald_Rumsfeld,George_W_Bush,0.47966246581077576,0.18950439989566803,0.70048028,0.5796822160482407,False,True,True,0.01,0.001,10,1.9778228998184204,0.01000000536441803,0.5326071740000771
vf_a282ca20f9db,pair_000095,targeted_pgd_facenet_verification,facenet-pytorch/InceptionResnetV1,vggface2,samples/0.010/vf_a282ca20f9db/source/Donald_Rumsfeld_0097.jpg,samples/0.010/vf_a282ca20f9db/target_enroll/Gerhard_Schroeder_0006.jpg,samples/0.010/vf_a282ca20f9db/adversarial/Donald_Rumsfeld_Donald_Rumsfeld_0097_to_Gerhard_Schroeder_Gerhard_Schroeder_0006_facenet_eps0.010_a0.001_s10.jpg,samples/0.010/vf_a282ca20f9db/perturbation/Donald_Rumsfeld_Donald_Rumsfeld_0097_to_Gerhard_Schroeder_Gerhard_Schroeder_0006_facenet_eps0.010_a0.001_s10_perturbation.jpg,Donald_Rumsfeld,Gerhard_Schroeder,0.47966246581077576,0.11491916328668594,0.5338518,0.5418170914053917,False,True,True,0.01,0.001,10,1.9121928215026855,0.01000000536441803,0.5413094499999715
vf_5161d764390e,pair_000098,targeted_pgd_facenet_verification,facenet-pytorch/InceptionResnetV1,vggface2,samples/0.010/vf_5161d764390e/source/Ariel_Sharon_0042.jpg,samples/0.010/vf_5161d764390e/target_enroll/Gerhard_Schroeder_0036.jpg,samples/0.010/vf_5161d764390e/adversarial/Ariel_Sharon_Ariel_Sharon_0042_to_Gerhard_Schroeder_Gerhard_Schroeder_0036_facenet_eps0.010_a0.001_s10.jpg,samples/0.010/vf_5161d764390e/perturbation/Ariel_Sharon_Ariel_Sharon_0042_to_Gerhard_Schroeder_Gerhard_Schroeder_0036_facenet_eps0.010_a0.001_s10_perturbation.jpg,Ariel_Sharon,Gerhard_Schroeder,0.47966246581077576,0.08480535447597504,0.40393558,0.4035920351743698,False,False,True,0.01,0.001,10,1.931381344795227,0.01000000536441803,0.5540658730001269
vf_b7984d7baebe,pair_000103,targeted_pgd_facenet_verification,facenet-pytorch/InceptionResnetV1,vggface2,samples/0.010/vf_b7984d7baebe/source/Tony_Blair_0007.jpg,samples/0.010/vf_b7984d7baebe/target_enroll/Junichiro_Koizumi_0049.jpg,samples/0.010/vf_b7984d7baebe/adversarial/Tony_Blair_Tony_Blair_0007_to_Junichiro_Koizumi_Junichiro_Koizumi_0049_facenet_eps0.010_a0.001_s10.jpg,samples/0.010/vf_b7984d7baebe/perturbation/Tony_Blair_Tony_Blair_0007_to_Junichiro_Koizumi_Junichiro_Koizumi_0049_facenet_eps0.010_a0.001_s10_perturbation.jpg,Tony_Blair,Junichiro_Koizumi,0.47966246581077576,0.36310362815856934,0.65716189,0.3534391522407532,False,True,True,0.01,0.001,10,1.9396111965179443,0.01000000536441803,0.5334005120002985
vf_517bc045f993,pair_000104,targeted_pgd_facenet_verification,facenet-pytorch/InceptionResnetV1,vggface2,samples/0.010/vf_517bc045f993/source/Jean_Chretien_0031.jpg,samples/0.010/vf_517bc045f993/target_enroll/Hugo_Chavez_0044.jpg,samples/0.010/vf_517bc045f993/adversarial/Jean_Chretien_Jean_Chretien_0031_to_Hugo_Chavez_Hugo_Chavez_0044_facenet_eps0.010_a0.001_s10.jpg,samples/0.010/vf_517bc045f993/perturbation/Jean_Chretien_Jean_Chretien_0031_to_Hugo_Chavez_Hugo_Chavez_0044_facenet_eps0.010_a0.001_s10_perturbation.jpg,Jean_Chretien,Hugo_Chavez,0.47966246581077576,0.20981867611408234,0.53772897,0.4308469146490097,False,True,True,0.01,0.001,10,1.9245705604553223,0.01000000536441803,0.5276905570003692
vf_7115de04e344,pair_000108,targeted_pgd_facenet_verification,facenet-pytorch/InceptionResnetV1,vggface2,samples/0.010/vf_7115de04e344/source/Donald_Rumsfeld_0017.jpg,samples/0.010/vf_7115de04e344/target_enroll/Jean_Chretien_0007.jpg,samples/0.010/vf_7115de04e344/adversarial/Donald_Rumsfeld_Donald_Rumsfeld_0017_to_Jean_Chretien_Jean_Chretien_0007_facenet_eps0.010_a0.001_s10.jpg,samples/0.010/vf_7115de04e344/perturbation/Donald_Rumsfeld_Donald_Rumsfeld_0017_to_Jean_Chretien_Jean_Chretien_0007_facenet_eps0.010_a0.001_s10_perturbation.jpg,Donald_Rumsfeld,Jean_Chretien,0.47966246581077576,0.23002798855304718,0.64312524,0.49933724105358124,False,True,True,0.01,0.001,10,2.020524501800537,0.01000000536441803,0.5276239949998853
vf_11499d8bd2f2,pair_000112,targeted_pgd_facenet_verification,facenet-pytorch/InceptionResnetV1,vggface2,samples/0.010/vf_11499d8bd2f2/source/Gerhard_Schroeder_0056.jpg,samples/0.010/vf_11499d8bd2f2/target_enroll/Ariel_Sharon_0045.jpg,samples/0.010/vf_11499d8bd2f2/adversarial/Gerhard_Schroeder_Gerhard_Schroeder_0056_to_Ariel_Sharon_Ariel_Sharon_0045_facenet_eps0.010_a0.001_s10.jpg,samples/0.010/vf_11499d8bd2f2/perturbation/Gerhard_Schroeder_Gerhard_Schroeder_0056_to_Ariel_Sharon_Ariel_Sharon_0045_facenet_eps0.010_a0.001_s10_perturbation.jpg,Gerhard_Schroeder,Ariel_Sharon,0.47966246581077576,0.019496068358421326,0.42546353,0.4943894296884537,False,False,True,0.01,0.001,10,1.956342339515686,0.01000000536441803,0.5285210659999393
vf_0c740ed362fa,pair_000113,targeted_pgd_facenet_verification,facenet-pytorch/InceptionResnetV1,vggface2,samples/0.010/vf_0c740ed362fa/source/John_Ashcroft_0006.jpg,samples/0.010/vf_0c740ed362fa/target_enroll/George_W_Bush_0374.jpg,samples/0.010/vf_0c740ed362fa/adversarial/John_Ashcroft_John_Ashcroft_0006_to_George_W_Bush_George_W_Bush_0374_facenet_eps0.010_a0.001_s10.jpg,samples/0.010/vf_0c740ed362fa/perturbation/John_Ashcroft_John_Ashcroft_0006_to_George_W_Bush_George_W_Bush_0374_facenet_eps0.010_a0.001_s10_perturbation.jpg,John_Ashcroft,George_W_Bush,0.47966246581077576,0.2551112174987793,0.66029459,0.4762503504753113,False,True,True,0.01,0.001,10,1.9629329442977905,0.01000000536441803,0.5274861220000275
vf_da425b64a666,pair_000114,targeted_pgd_facenet_verification,facenet-pytorch/InceptionResnetV1,vggface2,samples/0.010/vf_da425b64a666/source/Tony_Blair_0120.jpg,samples/0.010/vf_da425b64a666/target_enroll/George_W_Bush_0041.jpg,samples/0.010/vf_da425b64a666/adversarial/Tony_Blair_Tony_Blair_0120_to_George_W_Bush_George_W_Bush_0041_facenet_eps0.010_a0.001_s10.jpg,samples/0.010/vf_da425b64a666/perturbation/Tony_Blair_Tony_Blair_0120_to_George_W_Bush_George_W_Bush_0041_facenet_eps0.010_a0.001_s10_perturbation.jpg,Tony_Blair,George_W_Bush,0.47966246581077576,0.11442787945270538,0.54449701,0.5207747668027878,False,True,True,0.01,0.001,10,2.030174970626831,0.01000000536441803,0.5200133969997296
vf_7234807594c7,pair_000117,targeted_pgd_facenet_verification,facenet-pytorch/InceptionResnetV1,vggface2,samples/0.010/vf_7234807594c7/source/John_Ashcroft_0030.jpg,samples/0.010/vf_7234807594c7/target_enroll/Ariel_Sharon_0049.jpg,samples/0.010/vf_7234807594c7/adversarial/John_Ashcroft_John_Ashcroft_0030_to_Ariel_Sharon_Ariel_Sharon_0049_facenet_eps0.010_a0.001_s10.jpg,samples/0.010/vf_7234807594c7/perturbation/John_Ashcroft_John_Ashcroft_0030_to_Ariel_Sharon_Ariel_Sharon_0049_facenet_eps0.010_a0.001_s10_perturbation.jpg,John_Ashcroft,Ariel_Sharon,0.47966246581077576,0.23801392316818237,0.57966363,0.4141995310783386,False,True,True,0.01,0.001,10,1.9043067693710327,0.01000000536441803,0.5287216760002593
vf_5e55848a9327,pair_000118,targeted_pgd_facenet_verification,facenet-pytorch/InceptionResnetV1,vggface2,samples/0.010/vf_5e55848a9327/source/George_W_Bush_0064.jpg,samples/0.010/vf_5e55848a9327/target_enroll/Tony_Blair_0077.jpg,samples/0.010/vf_5e55848a9327/adversarial/George_W_Bush_George_W_Bush_0064_to_Tony_Blair_Tony_Blair_0077_facenet_eps0.010_a0.001_s10.jpg,samples/0.010/vf_5e55848a9327/perturbation/George_W_Bush_George_W_Bush_0064_to_Tony_Blair_Tony_Blair_0077_facenet_eps0.010_a0.001_s10_perturbation.jpg,George_W_Bush,Tony_Blair,0.47966246581077576,0.2625645697116852,0.62548357,0.4448871910572052,False,True,True,0.01,0.001,10,1.9235429763793945,0.01000000536441803,0.5290404489996945
vf_bc6f07cdfb64,pair_000125,targeted_pgd_facenet_verification,facenet-pytorch/InceptionResnetV1,vggface2,samples/0.010/vf_bc6f07cdfb64/source/George_W_Bush_0444.jpg,samples/0.010/vf_bc6f07cdfb64/target_enroll/Donald_Rumsfeld_0069.jpg,samples/0.010/vf_bc6f07cdfb64/adversarial/George_W_Bush_George_W_Bush_0444_to_Donald_Rumsfeld_Donald_Rumsfeld_0069_facenet_eps0.010_a0.001_s10.jpg,samples/0.010/vf_bc6f07cdfb64/perturbation/George_W_Bush_George_W_Bush_0444_to_Donald_Rumsfeld_Donald_Rumsfeld_0069_facenet_eps0.010_a0.001_s10_perturbation.jpg,George_W_Bush,Donald_Rumsfeld,0.47966246581077576,0.2838618755340576,0.7214722,0.5302667021751404,False,True,True,0.01,0.001,10,1.7308775186538696,0.01000000536441803,0.5264018389998455
vf_c881dcaacc5c,pair_000128,targeted_pgd_facenet_verification,facenet-pytorch/InceptionResnetV1,vggface2,samples/0.010/vf_c881dcaacc5c/source/Tony_Blair_0104.jpg,samples/0.010/vf_c881dcaacc5c/target_enroll/Colin_Powell_0032.jpg,samples/0.010/vf_c881dcaacc5c/adversarial/Tony_Blair_Tony_Blair_0104_to_Colin_Powell_Colin_Powell_0032_facenet_eps0.010_a0.001_s10.jpg,samples/0.010/vf_c881dcaacc5c/perturbation/Tony_Blair_Tony_Blair_0104_to_Colin_Powell_Colin_Powell_0032_facenet_eps0.010_a0.001_s10_perturbation.jpg,Tony_Blair,Colin_Powell,0.47966246581077576,0.4402514696121216,0.80284739,0.4189821481704712,False,True,True,0.01,0.001,10,2.0163321495056152,0.01000000536441803,0.5279241120001643
vf_7067569a1052,pair_000132,targeted_pgd_facenet_verification,facenet-pytorch/InceptionResnetV1,vggface2,samples/0.010/vf_7067569a1052/source/Donald_Rumsfeld_0082.jpg,samples/0.010/vf_7067569a1052/target_enroll/Gerhard_Schroeder_0098.jpg,samples/0.010/vf_7067569a1052/adversarial/Donald_Rumsfeld_Donald_Rumsfeld_0082_to_Gerhard_Schroeder_Gerhard_Schroeder_0098_facenet_eps0.010_a0.001_s10.jpg,samples/0.010/vf_7067569a1052/perturbation/Donald_Rumsfeld_Donald_Rumsfeld_0082_to_Gerhard_Schroeder_Gerhard_Schroeder_0098_facenet_eps0.010_a0.001_s10_perturbation.jpg,Donald_Rumsfeld,Gerhard_Schroeder,0.47966246581077576,0.22481846809387207,0.62827718,0.48065799474716187,False,True,True,0.01,0.001,10,1.8969647884368896,0.01000000536441803,0.5202105719999963
vf_6f5a7ccd035b,pair_000143,targeted_pgd_facenet_verification,facenet-pytorch/InceptionResnetV1,vggface2,samples/0.010/vf_6f5a7ccd035b/source/George_W_Bush_0033.jpg,samples/0.010/vf_6f5a7ccd035b/target_enroll/Ariel_Sharon_0049.jpg,samples/0.010/vf_6f5a7ccd035b/adversarial/George_W_Bush_George_W_Bush_0033_to_Ariel_Sharon_Ariel_Sharon_0049_facenet_eps0.010_a0.001_s10.jpg,samples/0.010/vf_6f5a7ccd035b/perturbation/George_W_Bush_George_W_Bush_0033_to_Ariel_Sharon_Ariel_Sharon_0049_facenet_eps0.010_a0.001_s10_perturbation.jpg,George_W_Bush,Ariel_Sharon,0.47966246581077576,-0.1311463713645935,0.45193756,0.6901602149009705,False,False,True,0.01,0.001,10,2.027675151824951,0.01000000536441803,0.5452454920000491
vf_69347058fea9,pair_000147,targeted_pgd_facenet_verification,facenet-pytorch/InceptionResnetV1,vggface2,samples/0.010/vf_69347058fea9/source/Colin_Powell_0179.jpg,samples/0.010/vf_69347058fea9/target_enroll/Tony_Blair_0027.jpg,samples/0.010/vf_69347058fea9/adversarial/Colin_Powell_Colin_Powell_0179_to_Tony_Blair_Tony_Blair_0027_facenet_eps0.010_a0.001_s10.jpg,samples/0.010/vf_69347058fea9/perturbation/Colin_Powell_Colin_Powell_0179_to_Tony_Blair_Tony_Blair_0027_facenet_eps0.010_a0.001_s10_perturbation.jpg,Colin_Powell,Tony_Blair,0.47966246581077576,0.3366205096244812,0.66382629,0.40534281730651855,False,True,True,0.01,0.001,10,1.8667449951171875,0.01000000536441803,0.5523595260001457
vf_7adbcba2f659,pair_000150,targeted_pgd_facenet_verification,facenet-pytorch/InceptionResnetV1,vggface2,samples/0.010/vf_7adbcba2f659/source/John_Ashcroft_0008.jpg,samples/0.010/vf_7adbcba2f659/target_enroll/Gerhard_Schroeder_0023.jpg,samples/0.010/vf_7adbcba2f659/adversarial/John_Ashcroft_John_Ashcroft_0008_to_Gerhard_Schroeder_Gerhard_Schroeder_0023_facenet_eps0.010_a0.001_s10.jpg,samples/0.010/vf_7adbcba2f659/perturbation/John_Ashcroft_John_Ashcroft_0008_to_Gerhard_Schroeder_Gerhard_Schroeder_0023_facenet_eps0.010_a0.001_s10_perturbation.jpg,John_Ashcroft,Gerhard_Schroeder,0.47966246581077576,0.21702134609222412,0.60974216,0.47550761699676514,False,True,True,0.01,0.001,10,1.9748562574386597,0.01000000536441803,0.5343393050002305
vf_813b582996b0,pair_000154,targeted_pgd_facenet_verification,facenet-pytorch/InceptionResnetV1,vggface2,samples/0.010/vf_813b582996b0/source/Gerhard_Schroeder_0061.jpg,samples/0.010/vf_813b582996b0/target_enroll/Hugo_Chavez_0019.jpg,samples/0.010/vf_813b582996b0/adversarial/Gerhard_Schroeder_Gerhard_Schroeder_0061_to_Hugo_Chavez_Hugo_Chavez_0019_facenet_eps0.010_a0.001_s10.jpg,samples/0.010/vf_813b582996b0/perturbation/Gerhard_Schroeder_Gerhard_Schroeder_0061_to_Hugo_Chavez_Hugo_Chavez_0019_facenet_eps0.010_a0.001_s10_perturbation.jpg,Gerhard_Schroeder,Hugo_Chavez,0.47966246581077576,0.24971015751361847,0.72140396,0.554895207285881,False,True,True,0.01,0.001,10,2.0198521614074707,0.01000000536441803,0.5293551770000704
vf_6b0e24ee0c42,pair_000160,targeted_pgd_facenet_verification,facenet-pytorch/InceptionResnetV1,vggface2,samples/0.010/vf_6b0e24ee0c42/source/Junichiro_Koizumi_0049.jpg,samples/0.010/vf_6b0e24ee0c42/target_enroll/Hugo_Chavez_0051.jpg,samples/0.010/vf_6b0e24ee0c42/adversarial/Junichiro_Koizumi_Junichiro_Koizumi_0049_to_Hugo_Chavez_Hugo_Chavez_0051_facenet_eps0.010_a0.001_s10.jpg,samples/0.010/vf_6b0e24ee0c42/perturbation/Junichiro_Koizumi_Junichiro_Koizumi_0049_to_Hugo_Chavez_Hugo_Chavez_0051_facenet_eps0.010_a0.001_s10_perturbation.jpg,Junichiro_Koizumi,Hugo_Chavez,0.47966246581077576,0.26550135016441345,0.62422049,0.42409804463386536,False,True,True,0.01,0.001,10,1.8309699296951294,0.01000000536441803,0.533884021999711
vf_2b633530dc06,pair_000164,targeted_pgd_facenet_verification,facenet-pytorch/InceptionResnetV1,vggface2,samples/0.010/vf_2b633530dc06/source/Tony_Blair_0063.jpg,samples/0.010/vf_2b633530dc06/target_enroll/John_Ashcroft_0013.jpg,samples/0.010/vf_2b633530dc06/adversarial/Tony_Blair_Tony_Blair_0063_to_John_Ashcroft_John_Ashcroft_0013_facenet_eps0.010_a0.001_s10.jpg,samples/0.010/vf_2b633530dc06/perturbation/Tony_Blair_Tony_Blair_0063_to_John_Ashcroft_John_Ashcroft_0013_facenet_eps0.010_a0.001_s10_perturbation.jpg,Tony_Blair,John_Ashcroft,0.47966246581077576,0.19368895888328552,0.64781165,0.5778539478778839,False,True,True,0.01,0.001,10,1.857965350151062,0.01000000536441803,0.5289513620000434
vf_5f9215622b13,pair_000167,targeted_pgd_facenet_verification,facenet-pytorch/InceptionResnetV1,vggface2,samples/0.010/vf_5f9215622b13/source/Junichiro_Koizumi_0009.jpg,samples/0.010/vf_5f9215622b13/target_enroll/Colin_Powell_0223.jpg,samples/0.010/vf_5f9215622b13/adversarial/Junichiro_Koizumi_Junichiro_Koizumi_0009_to_Colin_Powell_Colin_Powell_0223_facenet_eps0.010_a0.001_s10.jpg,samples/0.010/vf_5f9215622b13/perturbation/Junichiro_Koizumi_Junichiro_Koizumi_0009_to_Colin_Powell_Colin_Powell_0223_facenet_eps0.010_a0.001_s10_perturbation.jpg,Junichiro_Koizumi,Colin_Powell,0.47966246581077576,0.08470536768436432,0.48630953,0.5322627276182175,False,True,True,0.01,0.001,10,1.8044060468673706,0.01000000536441803,0.5261433860000579
vf_b17c86a3ea19,pair_000170,targeted_pgd_facenet_verification,facenet-pytorch/InceptionResnetV1,vggface2,samples/0.010/vf_b17c86a3ea19/source/John_Ashcroft_0030.jpg,samples/0.010/vf_b17c86a3ea19/target_enroll/Gerhard_Schroeder_0024.jpg,samples/0.010/vf_b17c86a3ea19/adversarial/John_Ashcroft_John_Ashcroft_0030_to_Gerhard_Schroeder_Gerhard_Schroeder_0024_facenet_eps0.010_a0.001_s10.jpg,samples/0.010/vf_b17c86a3ea19/perturbation/John_Ashcroft_John_Ashcroft_0030_to_Gerhard_Schroeder_Gerhard_Schroeder_0024_facenet_eps0.010_a0.001_s10_perturbation.jpg,John_Ashcroft,Gerhard_Schroeder,0.47966246581077576,0.14778810739517212,0.50978082,0.4673472046852112,False,True,True,0.01,0.001,10,1.8817468881607056,0.01000000536441803,0.5221616409999115
vf_f1d0486172a0,pair_000172,targeted_pgd_facenet_verification,facenet-pytorch/InceptionResnetV1,vggface2,samples/0.010/vf_f1d0486172a0/source/Tony_Blair_0120.jpg,samples/0.010/vf_f1d0486172a0/target_enroll/John_Ashcroft_0043.jpg,samples/0.010/vf_f1d0486172a0/adversarial/Tony_Blair_Tony_Blair_0120_to_John_Ashcroft_John_Ashcroft_0043_facenet_eps0.010_a0.001_s10.jpg,samples/0.010/vf_f1d0486172a0/perturbation/Tony_Blair_Tony_Blair_0120_to_John_Ashcroft_John_Ashcroft_0043_facenet_eps0.010_a0.001_s10_perturbation.jpg,Tony_Blair,John_Ashcroft,0.47966246581077576,0.16956353187561035,0.68940109,0.5954657793045044,False,True,True,0.01,0.001,10,1.9460071325302124,0.01000000536441803,0.5322019169998384
vf_5fefae7baf11,pair_000173,targeted_pgd_facenet_verification,facenet-pytorch/InceptionResnetV1,vggface2,samples/0.010/vf_5fefae7baf11/source/Hugo_Chavez_0046.jpg,samples/0.010/vf_5fefae7baf11/target_enroll/Colin_Powell_0212.jpg,samples/0.010/vf_5fefae7baf11/adversarial/Hugo_Chavez_Hugo_Chavez_0046_to_Colin_Powell_Colin_Powell_0212_facenet_eps0.010_a0.001_s10.jpg,samples/0.010/vf_5fefae7baf11/perturbation/Hugo_Chavez_Hugo_Chavez_0046_to_Colin_Powell_Colin_Powell_0212_facenet_eps0.010_a0.001_s10_perturbation.jpg,Hugo_Chavez,Colin_Powell,0.47966246581077576,0.24413633346557617,0.58810425,0.4076821804046631,False,True,True,0.01,0.001,10,1.9082237482070923,0.01000000536441803,0.5288622060002126
vf_6929e956eb55,pair_000174,targeted_pgd_facenet_verification,facenet-pytorch/InceptionResnetV1,vggface2,samples/0.010/vf_6929e956eb55/source/Colin_Powell_0105.jpg,samples/0.010/vf_6929e956eb55/target_enroll/Jean_Chretien_0044.jpg,samples/0.010/vf_6929e956eb55/adversarial/Colin_Powell_Colin_Powell_0105_to_Jean_Chretien_Jean_Chretien_0044_facenet_eps0.010_a0.001_s10.jpg,samples/0.010/vf_6929e956eb55/perturbation/Colin_Powell_Colin_Powell_0105_to_Jean_Chretien_Jean_Chretien_0044_facenet_eps0.010_a0.001_s10_perturbation.jpg,Colin_Powell,Jean_Chretien,0.47966246581077576,0.05099835246801376,0.40261775,0.4535771384835243,False,False,True,0.01,0.001,10,1.8858346939086914,0.01000000536441803,0.5278092710000237
vf_d6bbc36eb3a1,pair_000175,targeted_pgd_facenet_verification,facenet-pytorch/InceptionResnetV1,vggface2,samples/0.010/vf_d6bbc36eb3a1/source/Gerhard_Schroeder_0098.jpg,samples/0.010/vf_d6bbc36eb3a1/target_enroll/Jean_Chretien_0015.jpg,samples/0.010/vf_d6bbc36eb3a1/adversarial/Gerhard_Schroeder_Gerhard_Schroeder_0098_to_Jean_Chretien_Jean_Chretien_0015_facenet_eps0.010_a0.001_s10.jpg,samples/0.010/vf_d6bbc36eb3a1/perturbation/Gerhard_Schroeder_Gerhard_Schroeder_0098_to_Jean_Chretien_Jean_Chretien_0015_facenet_eps0.010_a0.001_s10_perturbation.jpg,Gerhard_Schroeder,Jean_Chretien,0.47966246581077576,0.21243226528167725,0.62649572,0.507193922996521,False,True,True,0.01,0.001,10,1.9103138446807861,0.01000000536441803,0.5288709980000021
vf_e57b102395f1,pair_000176,targeted_pgd_facenet_verification,facenet-pytorch/InceptionResnetV1,vggface2,samples/0.010/vf_e57b102395f1/source/Jean_Chretien_0050.jpg,samples/0.010/vf_e57b102395f1/target_enroll/Junichiro_Koizumi_0043.jpg,samples/0.010/vf_e57b102395f1/adversarial/Jean_Chretien_Jean_Chretien_0050_to_Junichiro_Koizumi_Junichiro_Koizumi_0043_facenet_eps0.010_a0.001_s10.jpg,samples/0.010/vf_e57b102395f1/perturbation/Jean_Chretien_Jean_Chretien_0050_to_Junichiro_Koizumi_Junichiro_Koizumi_0043_facenet_eps0.010_a0.001_s10_perturbation.jpg,Jean_Chretien,Junichiro_Koizumi,0.47966246581077576,0.009940795600414276,0.542292,0.635598249733448,False,True,True,0.01,0.001,10,1.8792589902877808,0.01000000536441803,0.5376691119995485
vf_6de98ee3f79f,pair_000177,targeted_pgd_facenet_verification,facenet-pytorch/InceptionResnetV1,vggface2,samples/0.010/vf_6de98ee3f79f/source/Jean_Chretien_0044.jpg,samples/0.010/vf_6de98ee3f79f/target_enroll/John_Ashcroft_0013.jpg,samples/0.010/vf_6de98ee3f79f/adversarial/Jean_Chretien_Jean_Chretien_0044_to_John_Ashcroft_John_Ashcroft_0013_facenet_eps0.010_a0.001_s10.jpg,samples/0.010/vf_6de98ee3f79f/perturbation/Jean_Chretien_Jean_Chretien_0044_to_John_Ashcroft_John_Ashcroft_0013_facenet_eps0.010_a0.001_s10_perturbation.jpg,Jean_Chretien,John_Ashcroft,0.47966246581077576,0.17093873023986816,0.48942947,0.3863217830657959,False,True,True,0.01,0.001,10,1.8739484548568726,0.01000000536441803,0.5304145499999322
vf_2322685d98ee,pair_000178,targeted_pgd_facenet_verification,facenet-pytorch/InceptionResnetV1,vggface2,samples/0.010/vf_2322685d98ee/source/Jean_Chretien_0002.jpg,samples/0.010/vf_2322685d98ee/target_enroll/Gerhard_Schroeder_0024.jpg,samples/0.010/vf_2322685d98ee/adversarial/Jean_Chretien_Jean_Chretien_0002_to_Gerhard_Schroeder_Gerhard_Schroeder_0024_facenet_eps0.010_a0.001_s10.jpg,samples/0.010/vf_2322685d98ee/perturbation/Jean_Chretien_Jean_Chretien_0002_to_Gerhard_Schroeder_Gerhard_Schroeder_0024_facenet_eps0.010_a0.001_s10_perturbation.jpg,Jean_Chretien,Gerhard_Schroeder,0.47966246581077576,0.09481785446405411,0.48146623,0.45874979346990585,False,True,True,0.01,0.001,10,1.9669710397720337,0.01000000536441803,0.5261698360000082
vf_706e2b75254c,pair_000184,targeted_pgd_facenet_verification,facenet-pytorch/InceptionResnetV1,vggface2,samples/0.010/vf_706e2b75254c/source/George_W_Bush_0111.jpg,samples/0.010/vf_706e2b75254c/target_enroll/Gerhard_Schroeder_0024.jpg,samples/0.010/vf_706e2b75254c/adversarial/George_W_Bush_George_W_Bush_0111_to_Gerhard_Schroeder_Gerhard_Schroeder_0024_facenet_eps0.010_a0.001_s10.jpg,samples/0.010/vf_706e2b75254c/perturbation/George_W_Bush_George_W_Bush_0111_to_Gerhard_Schroeder_Gerhard_Schroeder_0024_facenet_eps0.010_a0.001_s10_perturbation.jpg,George_W_Bush,Gerhard_Schroeder,0.47966246581077576,0.3401437997817993,0.78762037,0.512071430683136,False,True,True,0.01,0.001,10,1.9002288579940796,0.01000000536441803,0.5398145069998463
vf_27cbdaa2d10a,pair_000186,targeted_pgd_facenet_verification,facenet-pytorch/InceptionResnetV1,vggface2,samples/0.010/vf_27cbdaa2d10a/source/Junichiro_Koizumi_0040.jpg,samples/0.010/vf_27cbdaa2d10a/target_enroll/Colin_Powell_0001.jpg,samples/0.010/vf_27cbdaa2d10a/adversarial/Junichiro_Koizumi_Junichiro_Koizumi_0040_to_Colin_Powell_Colin_Powell_0001_facenet_eps0.010_a0.001_s10.jpg,samples/0.010/vf_27cbdaa2d10a/perturbation/Junichiro_Koizumi_Junichiro_Koizumi_0040_to_Colin_Powell_Colin_Powell_0001_facenet_eps0.010_a0.001_s10_perturbation.jpg,Junichiro_Koizumi,Colin_Powell,0.47966246581077576,0.06618127226829529,0.4388282,0.4870566427707672,False,False,True,0.01,0.001,10,2.0243546962738037,0.01000000536441803,0.5437398320000284
vf_34c04a49a43f,pair_000190,targeted_pgd_facenet_verification,facenet-pytorch/InceptionResnetV1,vggface2,samples/0.010/vf_34c04a49a43f/source/George_W_Bush_0175.jpg,samples/0.010/vf_34c04a49a43f/target_enroll/Gerhard_Schroeder_0075.jpg,samples/0.010/vf_34c04a49a43f/adversarial/George_W_Bush_George_W_Bush_0175_to_Gerhard_Schroeder_Gerhard_Schroeder_0075_facenet_eps0.010_a0.001_s10.jpg,samples/0.010/vf_34c04a49a43f/perturbation/George_W_Bush_George_W_Bush_0175_to_Gerhard_Schroeder_Gerhard_Schroeder_0075_facenet_eps0.010_a0.001_s10_perturbation.jpg,George_W_Bush,Gerhard_Schroeder,0.47966246581077576,0.16867852210998535,0.62508571,0.5591799020767212,False,True,True,0.01,0.001,10,1.948691487312317,0.01000000536441803,0.5334728370003177
vf_8fd0ba6d5a59,pair_000191,targeted_pgd_facenet_verification,facenet-pytorch/InceptionResnetV1,vggface2,samples/0.010/vf_8fd0ba6d5a59/source/Hugo_Chavez_0053.jpg,samples/0.010/vf_8fd0ba6d5a59/target_enroll/Colin_Powell_0212.jpg,samples/0.010/vf_8fd0ba6d5a59/adversarial/Hugo_Chavez_Hugo_Chavez_0053_to_Colin_Powell_Colin_Powell_0212_facenet_eps0.010_a0.001_s10.jpg,samples/0.010/vf_8fd0ba6d5a59/perturbation/Hugo_Chavez_Hugo_Chavez_0053_to_Colin_Powell_Colin_Powell_0212_facenet_eps0.010_a0.001_s10_perturbation.jpg,Hugo_Chavez,Colin_Powell,0.47966246581077576,0.32002243399620056,0.58670843,0.32239559292793274,False,True,True,0.01,0.001,10,1.9055262804031372,0.01000000536441803,0.5312112729998262
vf_6a63f157f962,pair_000192,targeted_pgd_facenet_verification,facenet-pytorch/InceptionResnetV1,vggface2,samples/0.010/vf_6a63f157f962/source/Donald_Rumsfeld_0119.jpg,samples/0.010/vf_6a63f157f962/target_enroll/Tony_Blair_0063.jpg,samples/0.010/vf_6a63f157f962/adversarial/Donald_Rumsfeld_Donald_Rumsfeld_0119_to_Tony_Blair_Tony_Blair_0063_facenet_eps0.010_a0.001_s10.jpg,samples/0.010/vf_6a63f157f962/perturbation/Donald_Rumsfeld_Donald_Rumsfeld_0119_to_Tony_Blair_Tony_Blair_0063_facenet_eps0.010_a0.001_s10_perturbation.jpg,Donald_Rumsfeld,Tony_Blair,0.47966246581077576,0.23458966612815857,0.6222719,0.48042038083076477,False,True,True,0.01,0.001,10,2.0426275730133057,0.01000000536441803,0.5408283890001258
vf_fc3d91e52d0c,pair_000193,targeted_pgd_facenet_verification,facenet-pytorch/InceptionResnetV1,vggface2,samples/0.010/vf_fc3d91e52d0c/source/George_W_Bush_0239.jpg,samples/0.010/vf_fc3d91e52d0c/target_enroll/Jean_Chretien_0031.jpg,samples/0.010/vf_fc3d91e52d0c/adversarial/George_W_Bush_George_W_Bush_0239_to_Jean_Chretien_Jean_Chretien_0031_facenet_eps0.010_a0.001_s10.jpg,samples/0.010/vf_fc3d91e52d0c/perturbation/George_W_Bush_George_W_Bush_0239_to_Jean_Chretien_Jean_Chretien_0031_facenet_eps0.010_a0.001_s10_perturbation.jpg,George_W_Bush,Jean_Chretien,0.47966246581077576,0.18537792563438416,0.60694122,0.5249618589878082,False,True,True,0.01,0.001,10,1.8975749015808105,0.01000000536441803,0.5416199699998288
vf_c5ad29a93239,pair_000196,targeted_pgd_facenet_verification,facenet-pytorch/InceptionResnetV1,vggface2,samples/0.010/vf_c5ad29a93239/source/John_Ashcroft_0018.jpg,samples/0.010/vf_c5ad29a93239/target_enroll/Hugo_Chavez_0056.jpg,samples/0.010/vf_c5ad29a93239/adversarial/John_Ashcroft_John_Ashcroft_0018_to_Hugo_Chavez_Hugo_Chavez_0056_facenet_eps0.010_a0.001_s10.jpg,samples/0.010/vf_c5ad29a93239/perturbation/John_Ashcroft_John_Ashcroft_0018_to_Hugo_Chavez_Hugo_Chavez_0056_facenet_eps0.010_a0.001_s10_perturbation.jpg,John_Ashcroft,Hugo_Chavez,0.47966246581077576,0.0858793631196022,0.4919723,0.511419378221035,False,True,True,0.01,0.001,10,2.0050647258758545,0.01000000536441803,0.5433533369996439
vf_fb9fc409e7cd,pair_000197,targeted_pgd_facenet_verification,facenet-pytorch/InceptionResnetV1,vggface2,samples/0.010/vf_fb9fc409e7cd/source/Hugo_Chavez_0044.jpg,samples/0.010/vf_fb9fc409e7cd/target_enroll/Gerhard_Schroeder_0023.jpg,samples/0.010/vf_fb9fc409e7cd/adversarial/Hugo_Chavez_Hugo_Chavez_0044_to_Gerhard_Schroeder_Gerhard_Schroeder_0023_facenet_eps0.010_a0.001_s10.jpg,samples/0.010/vf_fb9fc409e7cd/perturbation/Hugo_Chavez_Hugo_Chavez_0044_to_Gerhard_Schroeder_Gerhard_Schroeder_0023_facenet_eps0.010_a0.001_s10_perturbation.jpg,Hugo_Chavez,Gerhard_Schroeder,0.47966246581077576,0.1945665031671524,0.52741891,0.41829125583171844,False,True,True,0.01,0.001,10,1.9190340042114258,0.01000000536441803,0.549876777999998
vf_6be53278bc7b,pair_000198,targeted_pgd_facenet_verification,facenet-pytorch/InceptionResnetV1,vggface2,samples/0.010/vf_6be53278bc7b/source/Jean_Chretien_0050.jpg,samples/0.010/vf_6be53278bc7b/target_enroll/George_W_Bush_0302.jpg,samples/0.010/vf_6be53278bc7b/adversarial/Jean_Chretien_Jean_Chretien_0050_to_George_W_Bush_George_W_Bush_0302_facenet_eps0.010_a0.001_s10.jpg,samples/0.010/vf_6be53278bc7b/perturbation/Jean_Chretien_Jean_Chretien_0050_to_George_W_Bush_George_W_Bush_0302_facenet_eps0.010_a0.001_s10_perturbation.jpg,Jean_Chretien,George_W_Bush,0.47966246581077576,-0.16434818506240845,0.4424099,0.7229931950569153,False,False,True,0.01,0.001,10,1.8808091878890991,0.01000000536441803,0.552526356999806
vf_0e5d5858de2b,pair_000199,targeted_pgd_facenet_verification,facenet-pytorch/InceptionResnetV1,vggface2,samples/0.010/vf_0e5d5858de2b/source/George_W_Bush_0413.jpg,samples/0.010/vf_0e5d5858de2b/target_enroll/Junichiro_Koizumi_0040.jpg,samples/0.010/vf_0e5d5858de2b/adversarial/George_W_Bush_George_W_Bush_0413_to_Junichiro_Koizumi_Junichiro_Koizumi_0040_facenet_eps0.010_a0.001_s10.jpg,samples/0.010/vf_0e5d5858de2b/perturbation/George_W_Bush_George_W_Bush_0413_to_Junichiro_Koizumi_Junichiro_Koizumi_0040_facenet_eps0.010_a0.001_s10_perturbation.jpg,George_W_Bush,Junichiro_Koizumi,0.47966246581077576,0.16628426313400269,0.51396734,0.42095786333084106,False,True,True,0.01,0.001,10,1.997029185295105,0.01000000536441803,0.5419607459998588
vf_93abc506fb23,pair_000201,targeted_pgd_facenet_verification,facenet-pytorch/InceptionResnetV1,vggface2,samples/0.010/vf_93abc506fb23/source/Jean_Chretien_0040.jpg,samples/0.010/vf_93abc506fb23/target_enroll/Hugo_Chavez_0038.jpg,samples/0.010/vf_93abc506fb23/adversarial/Jean_Chretien_Jean_Chretien_0040_to_Hugo_Chavez_Hugo_Chavez_0038_facenet_eps0.010_a0.001_s10.jpg,samples/0.010/vf_93abc506fb23/perturbation/Jean_Chretien_Jean_Chretien_0040_to_Hugo_Chavez_Hugo_Chavez_0038_facenet_eps0.010_a0.001_s10_perturbation.jpg,Jean_Chretien,Hugo_Chavez,0.47966246581077576,0.20822519063949585,0.61170793,0.4945138096809387,False,True,True,0.01,0.001,10,2.033858060836792,0.01000000536441803,0.5312789509998765
vf_fac2e7818510,pair_000206,targeted_pgd_facenet_verification,facenet-pytorch/InceptionResnetV1,vggface2,samples/0.010/vf_fac2e7818510/source/Donald_Rumsfeld_0036.jpg,samples/0.010/vf_fac2e7818510/target_enroll/Jean_Chretien_0031.jpg,samples/0.010/vf_fac2e7818510/adversarial/Donald_Rumsfeld_Donald_Rumsfeld_0036_to_Jean_Chretien_Jean_Chretien_0031_facenet_eps0.010_a0.001_s10.jpg,samples/0.010/vf_fac2e7818510/perturbation/Donald_Rumsfeld_Donald_Rumsfeld_0036_to_Jean_Chretien_Jean_Chretien_0031_facenet_eps0.010_a0.001_s10_perturbation.jpg,Donald_Rumsfeld,Jean_Chretien,0.47966246581077576,0.44168901443481445,0.85301054,0.4689767360687256,False,True,True,0.01,0.001,10,1.946235179901123,0.01000000536441803,0.5380042439996942
vf_13d5d3fae321,pair_000208,targeted_pgd_facenet_verification,facenet-pytorch/InceptionResnetV1,vggface2,samples/0.010/vf_13d5d3fae321/source/George_W_Bush_0024.jpg,samples/0.010/vf_13d5d3fae321/target_enroll/Hugo_Chavez_0032.jpg,samples/0.010/vf_13d5d3fae321/adversarial/George_W_Bush_George_W_Bush_0024_to_Hugo_Chavez_Hugo_Chavez_0032_facenet_eps0.010_a0.001_s10.jpg,samples/0.010/vf_13d5d3fae321/perturbation/George_W_Bush_George_W_Bush_0024_to_Hugo_Chavez_Hugo_Chavez_0032_facenet_eps0.010_a0.001_s10_perturbation.jpg,George_W_Bush,Hugo_Chavez,0.47966246581077576,0.20576512813568115,0.57804531,0.4646872878074646,False,True,True,0.01,0.001,10,2.0081465244293213,0.01000000536441803,0.530639328000234
vf_34d3aacf6835,pair_000209,targeted_pgd_facenet_verification,facenet-pytorch/InceptionResnetV1,vggface2,samples/0.010/vf_34d3aacf6835/source/John_Ashcroft_0018.jpg,samples/0.010/vf_34d3aacf6835/target_enroll/George_W_Bush_0374.jpg,samples/0.010/vf_34d3aacf6835/adversarial/John_Ashcroft_John_Ashcroft_0018_to_George_W_Bush_George_W_Bush_0374_facenet_eps0.010_a0.001_s10.jpg,samples/0.010/vf_34d3aacf6835/perturbation/John_Ashcroft_John_Ashcroft_0018_to_George_W_Bush_George_W_Bush_0374_facenet_eps0.010_a0.001_s10_perturbation.jpg,John_Ashcroft,George_W_Bush,0.47966246581077576,0.2542901635169983,0.69334275,0.5333834290504456,False,True,True,0.01,0.001,10,2.0188276767730713,0.01000000536441803,0.528864035999959
vf_7dba6446a3fd,pair_000210,targeted_pgd_facenet_verification,facenet-pytorch/InceptionResnetV1,vggface2,samples/0.010/vf_7dba6446a3fd/source/Donald_Rumsfeld_0006.jpg,samples/0.010/vf_7dba6446a3fd/target_enroll/Ariel_Sharon_0045.jpg,samples/0.010/vf_7dba6446a3fd/adversarial/Donald_Rumsfeld_Donald_Rumsfeld_0006_to_Ariel_Sharon_Ariel_Sharon_0045_facenet_eps0.010_a0.001_s10.jpg,samples/0.010/vf_7dba6446a3fd/perturbation/Donald_Rumsfeld_Donald_Rumsfeld_0006_to_Ariel_Sharon_Ariel_Sharon_0045_facenet_eps0.010_a0.001_s10_perturbation.jpg,Donald_Rumsfeld,Ariel_Sharon,0.47966246581077576,0.042424898594617844,0.48977059,0.5590044446289539,False,True,True,0.01,0.001,10,2.0092029571533203,0.01000000536441803,0.5260637949995726
vf_87b25b3220a2,pair_000211,targeted_pgd_facenet_verification,facenet-pytorch/InceptionResnetV1,vggface2,samples/0.010/vf_87b25b3220a2/source/Gerhard_Schroeder_0098.jpg,samples/0.010/vf_87b25b3220a2/target_enroll/Hugo_Chavez_0051.jpg,samples/0.010/vf_87b25b3220a2/adversarial/Gerhard_Schroeder_Gerhard_Schroeder_0098_to_Hugo_Chavez_Hugo_Chavez_0051_facenet_eps0.010_a0.001_s10.jpg,samples/0.010/vf_87b25b3220a2/perturbation/Gerhard_Schroeder_Gerhard_Schroeder_0098_to_Hugo_Chavez_Hugo_Chavez_0051_facenet_eps0.010_a0.001_s10_perturbation.jpg,Gerhard_Schroeder,Hugo_Chavez,0.47966246581077576,0.14301392436027527,0.53028208,0.500689297914505,False,True,True,0.01,0.001,10,1.918723464012146,0.01000000536441803,0.5342867859999387
vf_be41f89ac067,pair_000002,targeted_pgd_facenet_verification,facenet-pytorch/InceptionResnetV1,vggface2,samples/0.010/vf_be41f89ac067/source/John_Ashcroft_0030.jpg,samples/0.010/vf_be41f89ac067/target_enroll/Tony_Blair_0051.jpg,samples/0.010/vf_be41f89ac067/adversarial/John_Ashcroft_John_Ashcroft_0030_to_Tony_Blair_Tony_Blair_0051_facenet_eps0.010_a0.001_s20.jpg,samples/0.010/vf_be41f89ac067/perturbation/John_Ashcroft_John_Ashcroft_0030_to_Tony_Blair_Tony_Blair_0051_facenet_eps0.010_a0.001_s20_perturbation.jpg,John_Ashcroft,Tony_Blair,0.47966246581077576,0.25670093297958374,0.61463392,0.49895191192626953,False,True,True,0.01,0.001,20,2.216535806655884,0.010000020265579224,1.5729503759998806
vf_2b57f4beca06,pair_000004,targeted_pgd_facenet_verification,facenet-pytorch/InceptionResnetV1,vggface2,samples/0.010/vf_2b57f4beca06/source/Tony_Blair_0080.jpg,samples/0.010/vf_2b57f4beca06/target_enroll/Colin_Powell_0218.jpg,samples/0.010/vf_2b57f4beca06/adversarial/Tony_Blair_Tony_Blair_0080_to_Colin_Powell_Colin_Powell_0218_facenet_eps0.010_a0.001_s20.jpg,samples/0.010/vf_2b57f4beca06/perturbation/Tony_Blair_Tony_Blair_0080_to_Colin_Powell_Colin_Powell_0218_facenet_eps0.010_a0.001_s20_perturbation.jpg,Tony_Blair,Colin_Powell,0.47966246581077576,0.3230995237827301,0.64625371,0.4302540123462677,False,True,True,0.01,0.001,20,2.242547035217285,0.010000020265579224,1.0374238730000798
vf_a60b00595fd9,pair_000005,targeted_pgd_facenet_verification,facenet-pytorch/InceptionResnetV1,vggface2,samples/0.010/vf_a60b00595fd9/source/George_W_Bush_0473.jpg,samples/0.010/vf_a60b00595fd9/target_enroll/Jean_Chretien_0036.jpg,samples/0.010/vf_a60b00595fd9/adversarial/George_W_Bush_George_W_Bush_0473_to_Jean_Chretien_Jean_Chretien_0036_facenet_eps0.010_a0.001_s20.jpg,samples/0.010/vf_a60b00595fd9/perturbation/George_W_Bush_George_W_Bush_0473_to_Jean_Chretien_Jean_Chretien_0036_facenet_eps0.010_a0.001_s20_perturbation.jpg,George_W_Bush,Jean_Chretien,0.47966246581077576,-0.04813320189714432,0.50037992,0.7150852754712105,False,True,True,0.01,0.001,20,2.3108134269714355,0.010000020265579224,1.030560653000066
vf_0591f2a2c339,pair_000007,targeted_pgd_facenet_verification,facenet-pytorch/InceptionResnetV1,vggface2,samples/0.010/vf_0591f2a2c339/source/Junichiro_Koizumi_0017.jpg,samples/0.010/vf_0591f2a2c339/target_enroll/George_W_Bush_0391.jpg,samples/0.010/vf_0591f2a2c339/adversarial/Junichiro_Koizumi_Junichiro_Koizumi_0017_to_George_W_Bush_George_W_Bush_0391_facenet_eps0.010_a0.001_s20.jpg,samples/0.010/vf_0591f2a2c339/perturbation/Junichiro_Koizumi_Junichiro_Koizumi_0017_to_George_W_Bush_George_W_Bush_0391_facenet_eps0.010_a0.001_s20_perturbation.jpg,Junichiro_Koizumi,George_W_Bush,0.47966246581077576,0.3100721538066864,0.88146496,0.6489627063274384,False,True,True,0.01,0.001,20,2.077392101287842,0.010000020265579224,1.0100563470000452
vf_d6917f1f0a42,pair_000009,targeted_pgd_facenet_verification,facenet-pytorch/InceptionResnetV1,vggface2,samples/0.010/vf_d6917f1f0a42/source/Tony_Blair_0016.jpg,samples/0.010/vf_d6917f1f0a42/target_enroll/Junichiro_Koizumi_0047.jpg,samples/0.010/vf_d6917f1f0a42/adversarial/Tony_Blair_Tony_Blair_0016_to_Junichiro_Koizumi_Junichiro_Koizumi_0047_facenet_eps0.010_a0.001_s20.jpg,samples/0.010/vf_d6917f1f0a42/perturbation/Tony_Blair_Tony_Blair_0016_to_Junichiro_Koizumi_Junichiro_Koizumi_0047_facenet_eps0.010_a0.001_s20_perturbation.jpg,Tony_Blair,Junichiro_Koizumi,0.47966246581077576,0.23096619546413422,0.59695071,0.4670363813638687,False,True,True,0.01,0.001,20,2.3431787490844727,0.010000020265579224,1.0146721159999288
vf_959f46c9c7af,pair_000011,targeted_pgd_facenet_verification,facenet-pytorch/InceptionResnetV1,vggface2,samples/0.010/vf_959f46c9c7af/source/George_W_Bush_0251.jpg,samples/0.010/vf_959f46c9c7af/target_enroll/Jean_Chretien_0044.jpg,samples/0.010/vf_959f46c9c7af/adversarial/George_W_Bush_George_W_Bush_0251_to_Jean_Chretien_Jean_Chretien_0044_facenet_eps0.010_a0.001_s20.jpg,samples/0.010/vf_959f46c9c7af/perturbation/George_W_Bush_George_W_Bush_0251_to_Jean_Chretien_Jean_Chretien_0044_facenet_eps0.010_a0.001_s20_perturbation.jpg,George_W_Bush,Jean_Chretien,0.47966246581077576,0.08974141627550125,0.54770464,0.5963043496012688,False,True,True,0.01,0.001,20,2.3049330711364746,0.010000020265579224,1.0190973100002338
vf_26e61d74d27f,pair_000017,targeted_pgd_facenet_verification,facenet-pytorch/InceptionResnetV1,vggface2,samples/0.010/vf_26e61d74d27f/source/Gerhard_Schroeder_0074.jpg,samples/0.010/vf_26e61d74d27f/target_enroll/Jean_Chretien_0050.jpg,samples/0.010/vf_26e61d74d27f/adversarial/Gerhard_Schroeder_Gerhard_Schroeder_0074_to_Jean_Chretien_Jean_Chretien_0050_facenet_eps0.010_a0.001_s20.jpg,samples/0.010/vf_26e61d74d27f/perturbation/Gerhard_Schroeder_Gerhard_Schroeder_0074_to_Jean_Chretien_Jean_Chretien_0050_facenet_eps0.010_a0.001_s20_perturbation.jpg,Gerhard_Schroeder,Jean_Chretien,0.47966246581077576,0.2069093883037567,0.6393522,0.5269664824008942,False,True,True,0.01,0.001,20,2.2577426433563232,0.010000020265579224,1.0144989199998236
vf_42a4f8a1f5fe,pair_000022,targeted_pgd_facenet_verification,facenet-pytorch/InceptionResnetV1,vggface2,samples/0.010/vf_42a4f8a1f5fe/source/Ariel_Sharon_0069.jpg,samples/0.010/vf_42a4f8a1f5fe/target_enroll/Hugo_Chavez_0051.jpg,samples/0.010/vf_42a4f8a1f5fe/adversarial/Ariel_Sharon_Ariel_Sharon_0069_to_Hugo_Chavez_Hugo_Chavez_0051_facenet_eps0.010_a0.001_s20.jpg,samples/0.010/vf_42a4f8a1f5fe/perturbation/Ariel_Sharon_Ariel_Sharon_0069_to_Hugo_Chavez_Hugo_Chavez_0051_facenet_eps0.010_a0.001_s20_perturbation.jpg,Ariel_Sharon,Hugo_Chavez,0.47966246581077576,0.10973245650529861,0.51401764,0.5154930278658867,False,True,True,0.01,0.001,20,2.1124229431152344,0.010000020265579224,1.0171930229998907
vf_c241d9ece98e,pair_000023,targeted_pgd_facenet_verification,facenet-pytorch/InceptionResnetV1,vggface2,samples/0.010/vf_c241d9ece98e/source/Ariel_Sharon_0069.jpg,samples/0.010/vf_c241d9ece98e/target_enroll/Colin_Powell_0179.jpg,samples/0.010/vf_c241d9ece98e/adversarial/Ariel_Sharon_Ariel_Sharon_0069_to_Colin_Powell_Colin_Powell_0179_facenet_eps0.010_a0.001_s20.jpg,samples/0.010/vf_c241d9ece98e/perturbation/Ariel_Sharon_Ariel_Sharon_0069_to_Colin_Powell_Colin_Powell_0179_facenet_eps0.010_a0.001_s20_perturbation.jpg,Ariel_Sharon,Colin_Powell,0.47966246581077576,0.28864219784736633,0.64413863,0.47649189829826355,False,True,True,0.01,0.001,20,2.0644707679748535,0.010000020265579224,1.017661278000105
vf_58246b8715b4,pair_000029,targeted_pgd_facenet_verification,facenet-pytorch/InceptionResnetV1,vggface2,samples/0.010/vf_58246b8715b4/source/George_W_Bush_0442.jpg,samples/0.010/vf_58246b8715b4/target_enroll/Tony_Blair_0088.jpg,samples/0.010/vf_58246b8715b4/adversarial/George_W_Bush_George_W_Bush_0442_to_Tony_Blair_Tony_Blair_0088_facenet_eps0.010_a0.001_s20.jpg,samples/0.010/vf_58246b8715b4/perturbation/George_W_Bush_George_W_Bush_0442_to_Tony_Blair_Tony_Blair_0088_facenet_eps0.010_a0.001_s20_perturbation.jpg,George_W_Bush,Tony_Blair,0.47966246581077576,0.2958222031593323,0.67302829,0.4921559691429138,False,True,True,0.01,0.001,20,2.181691884994507,0.010000020265579224,1.0290728459999627
vf_47f2fcecb685,pair_000030,targeted_pgd_facenet_verification,facenet-pytorch/InceptionResnetV1,vggface2,samples/0.010/vf_47f2fcecb685/source/George_W_Bush_0510.jpg,samples/0.010/vf_47f2fcecb685/target_enroll/John_Ashcroft_0006.jpg,samples/0.010/vf_47f2fcecb685/adversarial/George_W_Bush_George_W_Bush_0510_to_John_Ashcroft_John_Ashcroft_0006_facenet_eps0.010_a0.001_s20.jpg,samples/0.010/vf_47f2fcecb685/perturbation/George_W_Bush_George_W_Bush_0510_to_John_Ashcroft_John_Ashcroft_0006_facenet_eps0.010_a0.001_s20_perturbation.jpg,George_W_Bush,John_Ashcroft,0.47966246581077576,0.21223020553588867,0.65375811,0.5891574025154114,False,True,True,0.01,0.001,20,2.3160839080810547,0.010000020265579224,1.0353212299996812
vf_5763c567fa7f,pair_000032,targeted_pgd_facenet_verification,facenet-pytorch/InceptionResnetV1,vggface2,samples/0.010/vf_5763c567fa7f/source/Hugo_Chavez_0046.jpg,samples/0.010/vf_5763c567fa7f/target_enroll/Junichiro_Koizumi_0040.jpg,samples/0.010/vf_5763c567fa7f/adversarial/Hugo_Chavez_Hugo_Chavez_0046_to_Junichiro_Koizumi_Junichiro_Koizumi_0040_facenet_eps0.010_a0.001_s20.jpg,samples/0.010/vf_5763c567fa7f/perturbation/Hugo_Chavez_Hugo_Chavez_0046_to_Junichiro_Koizumi_Junichiro_Koizumi_0040_facenet_eps0.010_a0.001_s20_perturbation.jpg,Hugo_Chavez,Junichiro_Koizumi,0.47966246581077576,0.19210177659988403,0.62133402,0.5461429953575134,False,True,True,0.01,0.001,20,2.2417140007019043,0.010000020265579224,1.0306526899998971
vf_53041ab01867,pair_000034,targeted_pgd_facenet_verification,facenet-pytorch/InceptionResnetV1,vggface2,samples/0.010/vf_53041ab01867/source/John_Ashcroft_0013.jpg,samples/0.010/vf_53041ab01867/target_enroll/Tony_Blair_0088.jpg,samples/0.010/vf_53041ab01867/adversarial/John_Ashcroft_John_Ashcroft_0013_to_Tony_Blair_Tony_Blair_0088_facenet_eps0.010_a0.001_s20.jpg,samples/0.010/vf_53041ab01867/perturbation/John_Ashcroft_John_Ashcroft_0013_to_Tony_Blair_Tony_Blair_0088_facenet_eps0.010_a0.001_s20_perturbation.jpg,John_Ashcroft,Tony_Blair,0.47966246581077576,0.19492340087890625,0.56838417,0.5346795916557312,False,True,True,0.01,0.001,20,2.187755584716797,0.010000020265579224,1.015362044000085
vf_79a6a001672e,pair_000036,targeted_pgd_facenet_verification,facenet-pytorch/InceptionResnetV1,vggface2,samples/0.010/vf_79a6a001672e/source/Gerhard_Schroeder_0084.jpg,samples/0.010/vf_79a6a001672e/target_enroll/Hugo_Chavez_0032.jpg,samples/0.010/vf_79a6a001672e/adversarial/Gerhard_Schroeder_Gerhard_Schroeder_0084_to_Hugo_Chavez_Hugo_Chavez_0032_facenet_eps0.010_a0.001_s20.jpg,samples/0.010/vf_79a6a001672e/perturbation/Gerhard_Schroeder_Gerhard_Schroeder_0084_to_Hugo_Chavez_Hugo_Chavez_0032_facenet_eps0.010_a0.001_s20_perturbation.jpg,Gerhard_Schroeder,Hugo_Chavez,0.47966246581077576,0.1922152042388916,0.61619002,0.5687875747680664,False,True,True,0.01,0.001,20,2.2512753009796143,0.010000020265579224,1.0035681669996848
vf_5ac12474b323,pair_000037,targeted_pgd_facenet_verification,facenet-pytorch/InceptionResnetV1,vggface2,samples/0.010/vf_5ac12474b323/source/Colin_Powell_0077.jpg,samples/0.010/vf_5ac12474b323/target_enroll/George_W_Bush_0454.jpg,samples/0.010/vf_5ac12474b323/adversarial/Colin_Powell_Colin_Powell_0077_to_George_W_Bush_George_W_Bush_0454_facenet_eps0.010_a0.001_s20.jpg,samples/0.010/vf_5ac12474b323/perturbation/Colin_Powell_Colin_Powell_0077_to_George_W_Bush_George_W_Bush_0454_facenet_eps0.010_a0.001_s20_perturbation.jpg,Colin_Powell,George_W_Bush,0.47966246581077576,0.11175183951854706,0.56827426,0.6126180440187454,False,True,True,0.01,0.001,20,2.307706117630005,0.010000020265579224,1.0087563689999115
vf_6ebbe2b8ba39,pair_000044,targeted_pgd_facenet_verification,facenet-pytorch/InceptionResnetV1,vggface2,samples/0.010/vf_6ebbe2b8ba39/source/Gerhard_Schroeder_0063.jpg,samples/0.010/vf_6ebbe2b8ba39/target_enroll/George_W_Bush_0434.jpg,samples/0.010/vf_6ebbe2b8ba39/adversarial/Gerhard_Schroeder_Gerhard_Schroeder_0063_to_George_W_Bush_George_W_Bush_0434_facenet_eps0.010_a0.001_s20.jpg,samples/0.010/vf_6ebbe2b8ba39/perturbation/Gerhard_Schroeder_Gerhard_Schroeder_0063_to_George_W_Bush_George_W_Bush_0434_facenet_eps0.010_a0.001_s20_perturbation.jpg,Gerhard_Schroeder,George_W_Bush,0.47966246581077576,0.1911584734916687,0.58929801,0.5302124619483948,False,True,True,0.01,0.001,20,2.2311508655548096,0.010000020265579224,1.0036033119999956
vf_41d07a4257d6,pair_000045,targeted_pgd_facenet_verification,facenet-pytorch/InceptionResnetV1,vggface2,samples/0.010/vf_41d07a4257d6/source/George_W_Bush_0099.jpg,samples/0.010/vf_41d07a4257d6/target_enroll/Hugo_Chavez_0053.jpg,samples/0.010/vf_41d07a4257d6/adversarial/George_W_Bush_George_W_Bush_0099_to_Hugo_Chavez_Hugo_Chavez_0053_facenet_eps0.010_a0.001_s20.jpg,samples/0.010/vf_41d07a4257d6/perturbation/George_W_Bush_George_W_Bush_0099_to_Hugo_Chavez_Hugo_Chavez_0053_facenet_eps0.010_a0.001_s20_perturbation.jpg,George_W_Bush,Hugo_Chavez,0.47966246581077576,0.03405424579977989,0.52429014,0.6362188197672367,False,True,True,0.01,0.001,20,2.2745535373687744,0.010000020265579224,1.0034422230000928
vf_d8af3b18e907,pair_000049,targeted_pgd_facenet_verification,facenet-pytorch/InceptionResnetV1,vggface2,samples/0.010/vf_d8af3b18e907/source/Donald_Rumsfeld_0061.jpg,samples/0.010/vf_d8af3b18e907/target_enroll/Junichiro_Koizumi_0058.jpg,samples/0.010/vf_d8af3b18e907/adversarial/Donald_Rumsfeld_Donald_Rumsfeld_0061_to_Junichiro_Koizumi_Junichiro_Koizumi_0058_facenet_eps0.010_a0.001_s20.jpg,samples/0.010/vf_d8af3b18e907/perturbation/Donald_Rumsfeld_Donald_Rumsfeld_0061_to_Junichiro_Koizumi_Junichiro_Koizumi_0058_facenet_eps0.010_a0.001_s20_perturbation.jpg,Donald_Rumsfeld,Junichiro_Koizumi,0.47966246581077576,-0.030870646238327026,0.46197733,0.6183576285839081,False,False,True,0.01,0.001,20,2.256164312362671,0.010000020265579224,1.0004515649998211
vf_d4a4df257b90,pair_000052,targeted_pgd_facenet_verification,facenet-pytorch/InceptionResnetV1,vggface2,samples/0.010/vf_d4a4df257b90/source/Colin_Powell_0050.jpg,samples/0.010/vf_d4a4df257b90/target_enroll/John_Ashcroft_0008.jpg,samples/0.010/vf_d4a4df257b90/adversarial/Colin_Powell_Colin_Powell_0050_to_John_Ashcroft_John_Ashcroft_0008_facenet_eps0.010_a0.001_s20.jpg,samples/0.010/vf_d4a4df257b90/perturbation/Colin_Powell_Colin_Powell_0050_to_John_Ashcroft_John_Ashcroft_0008_facenet_eps0.010_a0.001_s20_perturbation.jpg,Colin_Powell,John_Ashcroft,0.47966246581077576,0.13571301102638245,0.47845125,0.4364791810512543,False,False,True,0.01,0.001,20,2.282470703125,0.010000020265579224,1.0079454859996986
vf_922f98628366,pair_000053,targeted_pgd_facenet_verification,facenet-pytorch/InceptionResnetV1,vggface2,samples/0.010/vf_922f98628366/source/John_Ashcroft_0013.jpg,samples/0.010/vf_922f98628366/target_enroll/Jean_Chretien_0040.jpg,samples/0.010/vf_922f98628366/adversarial/John_Ashcroft_John_Ashcroft_0013_to_Jean_Chretien_Jean_Chretien_0040_facenet_eps0.010_a0.001_s20.jpg,samples/0.010/vf_922f98628366/perturbation/John_Ashcroft_John_Ashcroft_0013_to_Jean_Chretien_Jean_Chretien_0040_facenet_eps0.010_a0.001_s20_perturbation.jpg,John_Ashcroft,Jean_Chretien,0.47966246581077576,0.030508117750287056,0.42300171,0.5354213546961546,False,False,True,0.01,0.001,20,2.212496042251587,0.010000020265579224,1.0111062420000962
vf_45c024f9f2db,pair_000054,targeted_pgd_facenet_verification,facenet-pytorch/InceptionResnetV1,vggface2,samples/0.010/vf_45c024f9f2db/source/Donald_Rumsfeld_0091.jpg,samples/0.010/vf_45c024f9f2db/target_enroll/John_Ashcroft_0026.jpg,samples/0.010/vf_45c024f9f2db/adversarial/Donald_Rumsfeld_Donald_Rumsfeld_0091_to_John_Ashcroft_John_Ashcroft_0026_facenet_eps0.010_a0.001_s20.jpg,samples/0.010/vf_45c024f9f2db/perturbation/Donald_Rumsfeld_Donald_Rumsfeld_0091_to_John_Ashcroft_John_Ashcroft_0026_facenet_eps0.010_a0.001_s20_perturbation.jpg,Donald_Rumsfeld,John_Ashcroft,0.47966246581077576,0.22119750082492828,0.59601438,0.5072827786207199,False,True,True,0.01,0.001,20,2.2989704608917236,0.010000020265579224,1.0129208610001115
vf_b67eae4dddb8,pair_000056,targeted_pgd_facenet_verification,facenet-pytorch/InceptionResnetV1,vggface2,samples/0.010/vf_b67eae4dddb8/source/Ariel_Sharon_0042.jpg,samples/0.010/vf_b67eae4dddb8/target_enroll/Donald_Rumsfeld_0006.jpg,samples/0.010/vf_b67eae4dddb8/adversarial/Ariel_Sharon_Ariel_Sharon_0042_to_Donald_Rumsfeld_Donald_Rumsfeld_0006_facenet_eps0.010_a0.001_s20.jpg,samples/0.010/vf_b67eae4dddb8/perturbation/Ariel_Sharon_Ariel_Sharon_0042_to_Donald_Rumsfeld_Donald_Rumsfeld_0006_facenet_eps0.010_a0.001_s20_perturbation.jpg,Ariel_Sharon,Donald_Rumsfeld,0.47966246581077576,0.10943670570850372,0.50815326,0.561828538775444,False,True,True,0.01,0.001,20,2.2298200130462646,0.010000020265579224,1.0263689160001377
vf_f4ee66182b4f,pair_000057,targeted_pgd_facenet_verification,facenet-pytorch/InceptionResnetV1,vggface2,samples/0.010/vf_f4ee66182b4f/source/Gerhard_Schroeder_0075.jpg,samples/0.010/vf_f4ee66182b4f/target_enroll/Hugo_Chavez_0046.jpg,samples/0.010/vf_f4ee66182b4f/adversarial/Gerhard_Schroeder_Gerhard_Schroeder_0075_to_Hugo_Chavez_Hugo_Chavez_0046_facenet_eps0.010_a0.001_s20.jpg,samples/0.010/vf_f4ee66182b4f/perturbation/Gerhard_Schroeder_Gerhard_Schroeder_0075_to_Hugo_Chavez_Hugo_Chavez_0046_facenet_eps0.010_a0.001_s20_perturbation.jpg,Gerhard_Schroeder,Hugo_Chavez,0.47966246581077576,0.3084094226360321,0.73281974,0.5368695557117462,False,True,True,0.01,0.001,20,2.294735908508301,0.010000020265579224,1.0502138460001333
vf_54c2d66704ac,pair_000060,targeted_pgd_facenet_verification,facenet-pytorch/InceptionResnetV1,vggface2,samples/0.010/vf_54c2d66704ac/source/Ariel_Sharon_0059.jpg,samples/0.010/vf_54c2d66704ac/target_enroll/Donald_Rumsfeld_0091.jpg,samples/0.010/vf_54c2d66704ac/adversarial/Ariel_Sharon_Ariel_Sharon_0059_to_Donald_Rumsfeld_Donald_Rumsfeld_0091_facenet_eps0.010_a0.001_s20.jpg,samples/0.010/vf_54c2d66704ac/perturbation/Ariel_Sharon_Ariel_Sharon_0059_to_Donald_Rumsfeld_Donald_Rumsfeld_0091_facenet_eps0.010_a0.001_s20_perturbation.jpg,Ariel_Sharon,Donald_Rumsfeld,0.47966246581077576,0.08015882223844528,0.4710516,0.527900405228138,False,False,True,0.01,0.001,20,2.195256471633911,0.010000020265579224,1.008136843000102
vf_4e7e4e82c77e,pair_000062,targeted_pgd_facenet_verification,facenet-pytorch/InceptionResnetV1,vggface2,samples/0.010/vf_4e7e4e82c77e/source/John_Ashcroft_0018.jpg,samples/0.010/vf_4e7e4e82c77e/target_enroll/Junichiro_Koizumi_0058.jpg,samples/0.010/vf_4e7e4e82c77e/adversarial/John_Ashcroft_John_Ashcroft_0018_to_Junichiro_Koizumi_Junichiro_Koizumi_0058_facenet_eps0.010_a0.001_s20.jpg,samples/0.010/vf_4e7e4e82c77e/perturbation/John_Ashcroft_John_Ashcroft_0018_to_Junichiro_Koizumi_Junichiro_Koizumi_0058_facenet_eps0.010_a0.001_s20_perturbation.jpg,John_Ashcroft,Junichiro_Koizumi,0.47966246581077576,-0.10891760885715485,0.38553023,0.7134517580270767,False,False,True,0.01,0.001,20,2.2901549339294434,0.010000020265579224,1.005200269999932
vf_d10f9693dc4f,pair_000063,targeted_pgd_facenet_verification,facenet-pytorch/InceptionResnetV1,vggface2,samples/0.010/vf_d10f9693dc4f/source/John_Ashcroft_0008.jpg,samples/0.010/vf_d10f9693dc4f/target_enroll/Hugo_Chavez_0008.jpg,samples/0.010/vf_d10f9693dc4f/adversarial/John_Ashcroft_John_Ashcroft_0008_to_Hugo_Chavez_Hugo_Chavez_0008_facenet_eps0.010_a0.001_s20.jpg,samples/0.010/vf_d10f9693dc4f/perturbation/John_Ashcroft_John_Ashcroft_0008_to_Hugo_Chavez_Hugo_Chavez_0008_facenet_eps0.010_a0.001_s20_perturbation.jpg,John_Ashcroft,Hugo_Chavez,0.47966246581077576,0.29493123292922974,0.73116088,0.5534158945083618,False,True,True,0.01,0.001,20,2.2240939140319824,0.010000020265579224,1.012975842999822
vf_55533266ecd5,pair_000064,targeted_pgd_facenet_verification,facenet-pytorch/InceptionResnetV1,vggface2,samples/0.010/vf_55533266ecd5/source/Colin_Powell_0185.jpg,samples/0.010/vf_55533266ecd5/target_enroll/Gerhard_Schroeder_0084.jpg,samples/0.010/vf_55533266ecd5/adversarial/Colin_Powell_Colin_Powell_0185_to_Gerhard_Schroeder_Gerhard_Schroeder_0084_facenet_eps0.010_a0.001_s20.jpg,samples/0.010/vf_55533266ecd5/perturbation/Colin_Powell_Colin_Powell_0185_to_Gerhard_Schroeder_Gerhard_Schroeder_0084_facenet_eps0.010_a0.001_s20_perturbation.jpg,Colin_Powell,Gerhard_Schroeder,0.47966246581077576,0.36480143666267395,0.69456941,0.4217953383922577,False,True,True,0.01,0.001,20,2.2905116081237793,0.010000020265579224,0.995359948999976
vf_5cd9fd7e47e8,pair_000065,targeted_pgd_facenet_verification,facenet-pytorch/InceptionResnetV1,vggface2,samples/0.010/vf_5cd9fd7e47e8/source/Gerhard_Schroeder_0024.jpg,samples/0.010/vf_5cd9fd7e47e8/target_enroll/John_Ashcroft_0006.jpg,samples/0.010/vf_5cd9fd7e47e8/adversarial/Gerhard_Schroeder_Gerhard_Schroeder_0024_to_John_Ashcroft_John_Ashcroft_0006_facenet_eps0.010_a0.001_s20.jpg,samples/0.010/vf_5cd9fd7e47e8/perturbation/Gerhard_Schroeder_Gerhard_Schroeder_0024_to_John_Ashcroft_John_Ashcroft_0006_facenet_eps0.010_a0.001_s20_perturbation.jpg,Gerhard_Schroeder,John_Ashcroft,0.47966246581077576,0.27380460500717163,0.59839737,0.44111478328704834,False,True,True,0.01,0.001,20,2.2106237411499023,0.010000020265579224,0.99196016399992
vf_ec206adff666,pair_000068,targeted_pgd_facenet_verification,facenet-pytorch/InceptionResnetV1,vggface2,samples/0.010/vf_ec206adff666/source/George_W_Bush_0414.jpg,samples/0.010/vf_ec206adff666/target_enroll/Donald_Rumsfeld_0038.jpg,samples/0.010/vf_ec206adff666/adversarial/George_W_Bush_George_W_Bush_0414_to_Donald_Rumsfeld_Donald_Rumsfeld_0038_facenet_eps0.010_a0.001_s20.jpg,samples/0.010/vf_ec206adff666/perturbation/George_W_Bush_George_W_Bush_0414_to_Donald_Rumsfeld_Donald_Rumsfeld_0038_facenet_eps0.010_a0.001_s20_perturbation.jpg,George_W_Bush,Donald_Rumsfeld,0.47966246581077576,0.1892942488193512,0.67741048,0.6232111155986786,False,True,True,0.01,0.001,20,2.2974846363067627,0.010000020265579224,0.9945684880003682
vf_bbeaebe04885,pair_000070,targeted_pgd_facenet_verification,facenet-pytorch/InceptionResnetV1,vggface2,samples/0.010/vf_bbeaebe04885/source/John_Ashcroft_0030.jpg,samples/0.010/vf_bbeaebe04885/target_enroll/Tony_Blair_0104.jpg,samples/0.010/vf_bbeaebe04885/adversarial/John_Ashcroft_John_Ashcroft_0030_to_Tony_Blair_Tony_Blair_0104_facenet_eps0.010_a0.001_s20.jpg,samples/0.010/vf_bbeaebe04885/perturbation/John_Ashcroft_John_Ashcroft_0030_to_Tony_Blair_Tony_Blair_0104_facenet_eps0.010_a0.001_s20_perturbation.jpg,John_Ashcroft,Tony_Blair,0.47966246581077576,0.4787027835845947,0.76400495,0.3803044557571411,False,True,True,0.01,0.001,20,2.2292087078094482,0.010000020265579224,0.9985842989999583
vf_7652d6a8e675,pair_000074,targeted_pgd_facenet_verification,facenet-pytorch/InceptionResnetV1,vggface2,samples/0.010/vf_7652d6a8e675/source/Jean_Chretien_0044.jpg,samples/0.010/vf_7652d6a8e675/target_enroll/Donald_Rumsfeld_0017.jpg,samples/0.010/vf_7652d6a8e675/adversarial/Jean_Chretien_Jean_Chretien_0044_to_Donald_Rumsfeld_Donald_Rumsfeld_0017_facenet_eps0.010_a0.001_s20.jpg,samples/0.010/vf_7652d6a8e675/perturbation/Jean_Chretien_Jean_Chretien_0044_to_Donald_Rumsfeld_Donald_Rumsfeld_0017_facenet_eps0.010_a0.001_s20_perturbation.jpg,Jean_Chretien,Donald_Rumsfeld,0.47966246581077576,0.1414480060338974,0.51003885,0.49847663938999176,False,True,True,0.01,0.001,20,2.2398507595062256,0.010000020265579224,0.9909875349999311
vf_f6bada306d92,pair_000077,targeted_pgd_facenet_verification,facenet-pytorch/InceptionResnetV1,vggface2,samples/0.010/vf_f6bada306d92/source/Jean_Chretien_0007.jpg,samples/0.010/vf_f6bada306d92/target_enroll/Tony_Blair_0066.jpg,samples/0.010/vf_f6bada306d92/adversarial/Jean_Chretien_Jean_Chretien_0007_to_Tony_Blair_Tony_Blair_0066_facenet_eps0.010_a0.001_s20.jpg,samples/0.010/vf_f6bada306d92/perturbation/Jean_Chretien_Jean_Chretien_0007_to_Tony_Blair_Tony_Blair_0066_facenet_eps0.010_a0.001_s20_perturbation.jpg,Jean_Chretien,Tony_Blair,0.47966246581077576,0.021916797384619713,0.49414748,0.5935102198272943,False,True,True,0.01,0.001,20,2.1720426082611084,0.010000020265579224,1.021090494999953
vf_53873bf16646,pair_000078,targeted_pgd_facenet_verification,facenet-pytorch/InceptionResnetV1,vggface2,samples/0.010/vf_53873bf16646/source/Tony_Blair_0043.jpg,samples/0.010/vf_53873bf16646/target_enroll/Colin_Powell_0130.jpg,samples/0.010/vf_53873bf16646/adversarial/Tony_Blair_Tony_Blair_0043_to_Colin_Powell_Colin_Powell_0130_facenet_eps0.010_a0.001_s20.jpg,samples/0.010/vf_53873bf16646/perturbation/Tony_Blair_Tony_Blair_0043_to_Colin_Powell_Colin_Powell_0130_facenet_eps0.010_a0.001_s20_perturbation.jpg,Tony_Blair,Colin_Powell,0.47966246581077576,0.39863404631614685,0.78419292,0.4814709722995758,False,True,True,0.01,0.001,20,2.236987590789795,0.010000020265579224,1.0200589619998937
vf_5a83e8acf964,pair_000088,targeted_pgd_facenet_verification,facenet-pytorch/InceptionResnetV1,vggface2,samples/0.010/vf_5a83e8acf964/source/John_Ashcroft_0013.jpg,samples/0.010/vf_5a83e8acf964/target_enroll/Colin_Powell_0108.jpg,samples/0.010/vf_5a83e8acf964/adversarial/John_Ashcroft_John_Ashcroft_0013_to_Colin_Powell_Colin_Powell_0108_facenet_eps0.010_a0.001_s20.jpg,samples/0.010/vf_5a83e8acf964/perturbation/John_Ashcroft_John_Ashcroft_0013_to_Colin_Powell_Colin_Powell_0108_facenet_eps0.010_a0.001_s20_perturbation.jpg,John_Ashcroft,Colin_Powell,0.47966246581077576,0.03595558553934097,0.44419223,0.5535268411040306,False,False,True,0.01,0.001,20,2.182460069656372,0.010000020265579224,1.0304204740000387
vf_05ba8a308d75,pair_000093,targeted_pgd_facenet_verification,facenet-pytorch/InceptionResnetV1,vggface2,samples/0.010/vf_05ba8a308d75/source/Jean_Chretien_0036.jpg,samples/0.010/vf_05ba8a308d75/target_enroll/Ariel_Sharon_0042.jpg,samples/0.010/vf_05ba8a308d75/adversarial/Jean_Chretien_Jean_Chretien_0036_to_Ariel_Sharon_Ariel_Sharon_0042_facenet_eps0.010_a0.001_s20.jpg,samples/0.010/vf_05ba8a308d75/perturbation/Jean_Chretien_Jean_Chretien_0036_to_Ariel_Sharon_Ariel_Sharon_0042_facenet_eps0.010_a0.001_s20_perturbation.jpg,Jean_Chretien,Ariel_Sharon,0.47966246581077576,0.39783260226249695,0.73503917,0.4519682824611664,False,True,True,0.01,0.001,20,2.213653087615967,0.010000020265579224,1.00287488999993
vf_b4ebef03d306,pair_000094,targeted_pgd_facenet_verification,facenet-pytorch/InceptionResnetV1,vggface2,samples/0.010/vf_b4ebef03d306/source/Donald_Rumsfeld_0007.jpg,samples/0.010/vf_b4ebef03d306/target_enroll/George_W_Bush_0339.jpg,samples/0.010/vf_b4ebef03d306/adversarial/Donald_Rumsfeld_Donald_Rumsfeld_0007_to_George_W_Bush_George_W_Bush_0339_facenet_eps0.010_a0.001_s20.jpg,samples/0.010/vf_b4ebef03d306/perturbation/Donald_Rumsfeld_Donald_Rumsfeld_0007_to_George_W_Bush_George_W_Bush_0339_facenet_eps0.010_a0.001_s20_perturbation.jpg,Donald_Rumsfeld,George_W_Bush,0.47966246581077576,0.18950439989566803,0.73903334,0.6489482372999191,False,True,True,0.01,0.001,20,2.2717347145080566,0.010000020265579224,1.0047954460001165
vf_e220046b18ce,pair_000095,targeted_pgd_facenet_verification,facenet-pytorch/InceptionResnetV1,vggface2,samples/0.010/vf_e220046b18ce/source/Donald_Rumsfeld_0097.jpg,samples/0.010/vf_e220046b18ce/target_enroll/Gerhard_Schroeder_0006.jpg,samples/0.010/vf_e220046b18ce/adversarial/Donald_Rumsfeld_Donald_Rumsfeld_0097_to_Gerhard_Schroeder_Gerhard_Schroeder_0006_facenet_eps0.010_a0.001_s20.jpg,samples/0.010/vf_e220046b18ce/perturbation/Donald_Rumsfeld_Donald_Rumsfeld_0097_to_Gerhard_Schroeder_Gerhard_Schroeder_0006_facenet_eps0.010_a0.001_s20_perturbation.jpg,Donald_Rumsfeld,Gerhard_Schroeder,0.47966246581077576,0.11491916328668594,0.56719261,0.6182250007987022,False,True,True,0.01,0.001,20,2.254671096801758,0.010000020265579224,1.000981507999768
vf_6e30a0127ed0,pair_000098,targeted_pgd_facenet_verification,facenet-pytorch/InceptionResnetV1,vggface2,samples/0.010/vf_6e30a0127ed0/source/Ariel_Sharon_0042.jpg,samples/0.010/vf_6e30a0127ed0/target_enroll/Gerhard_Schroeder_0036.jpg,samples/0.010/vf_6e30a0127ed0/adversarial/Ariel_Sharon_Ariel_Sharon_0042_to_Gerhard_Schroeder_Gerhard_Schroeder_0036_facenet_eps0.010_a0.001_s20.jpg,samples/0.010/vf_6e30a0127ed0/perturbation/Ariel_Sharon_Ariel_Sharon_0042_to_Gerhard_Schroeder_Gerhard_Schroeder_0036_facenet_eps0.010_a0.001_s20_perturbation.jpg,Ariel_Sharon,Gerhard_Schroeder,0.47966246581077576,0.08480535447597504,0.42853504,0.4552990347146988,False,False,True,0.01,0.001,20,2.260139226913452,0.010000020265579224,1.0064678169997023
vf_a979d26e1a66,pair_000101,targeted_pgd_facenet_verification,facenet-pytorch/InceptionResnetV1,vggface2,samples/0.010/vf_a979d26e1a66/source/Jean_Chretien_0021.jpg,samples/0.010/vf_a979d26e1a66/target_enroll/Tony_Blair_0020.jpg,samples/0.010/vf_a979d26e1a66/adversarial/Jean_Chretien_Jean_Chretien_0021_to_Tony_Blair_Tony_Blair_0020_facenet_eps0.010_a0.001_s20.jpg,samples/0.010/vf_a979d26e1a66/perturbation/Jean_Chretien_Jean_Chretien_0021_to_Tony_Blair_Tony_Blair_0020_facenet_eps0.010_a0.001_s20_perturbation.jpg,Jean_Chretien,Tony_Blair,0.47966246581077576,0.03613599017262459,0.37494484,0.46036330983042717,False,False,True,0.01,0.001,20,2.2803423404693604,0.010000020265579224,1.0061908399998174
vf_2bdece140a8f,pair_000103,targeted_pgd_facenet_verification,facenet-pytorch/InceptionResnetV1,vggface2,samples/0.010/vf_2bdece140a8f/source/Tony_Blair_0007.jpg,samples/0.010/vf_2bdece140a8f/target_enroll/Junichiro_Koizumi_0049.jpg,samples/0.010/vf_2bdece140a8f/adversarial/Tony_Blair_Tony_Blair_0007_to_Junichiro_Koizumi_Junichiro_Koizumi_0049_facenet_eps0.010_a0.001_s20.jpg,samples/0.010/vf_2bdece140a8f/perturbation/Tony_Blair_Tony_Blair_0007_to_Junichiro_Koizumi_Junichiro_Koizumi_0049_facenet_eps0.010_a0.001_s20_perturbation.jpg,Tony_Blair,Junichiro_Koizumi,0.47966246581077576,0.36310362815856934,0.66562909,0.38717103004455566,False,True,True,0.01,0.001,20,2.2480475902557373,0.010000020265579224,0.9972279929997967
vf_3ea6819ccdfe,pair_000104,targeted_pgd_facenet_verification,facenet-pytorch/InceptionResnetV1,vggface2,samples/0.010/vf_3ea6819ccdfe/source/Jean_Chretien_0031.jpg,samples/0.010/vf_3ea6819ccdfe/target_enroll/Hugo_Chavez_0044.jpg,samples/0.010/vf_3ea6819ccdfe/adversarial/Jean_Chretien_Jean_Chretien_0031_to_Hugo_Chavez_Hugo_Chavez_0044_facenet_eps0.010_a0.001_s20.jpg,samples/0.010/vf_3ea6819ccdfe/perturbation/Jean_Chretien_Jean_Chretien_0031_to_Hugo_Chavez_Hugo_Chavez_0044_facenet_eps0.010_a0.001_s20_perturbation.jpg,Jean_Chretien,Hugo_Chavez,0.47966246581077576,0.20981867611408234,0.56291711,0.4915444105863571,False,True,True,0.01,0.001,20,2.2296831607818604,0.010000020265579224,1.0178248849997544
vf_ec311dd6967c,pair_000108,targeted_pgd_facenet_verification,facenet-pytorch/InceptionResnetV1,vggface2,samples/0.010/vf_ec311dd6967c/source/Donald_Rumsfeld_0017.jpg,samples/0.010/vf_ec311dd6967c/target_enroll/Jean_Chretien_0007.jpg,samples/0.010/vf_ec311dd6967c/adversarial/Donald_Rumsfeld_Donald_Rumsfeld_0017_to_Jean_Chretien_Jean_Chretien_0007_facenet_eps0.010_a0.001_s20.jpg,samples/0.010/vf_ec311dd6967c/perturbation/Donald_Rumsfeld_Donald_Rumsfeld_0017_to_Jean_Chretien_Jean_Chretien_0007_facenet_eps0.010_a0.001_s20_perturbation.jpg,Donald_Rumsfeld,Jean_Chretien,0.47966246581077576,0.23002798855304718,0.6745736,0.5541211813688278,False,True,True,0.01,0.001,20,2.3283464908599854,0.010000020265579224,1.0253700850003042
vf_e7897ae417d0,pair_000112,targeted_pgd_facenet_verification,facenet-pytorch/InceptionResnetV1,vggface2,samples/0.010/vf_e7897ae417d0/source/Gerhard_Schroeder_0056.jpg,samples/0.010/vf_e7897ae417d0/target_enroll/Ariel_Sharon_0045.jpg,samples/0.010/vf_e7897ae417d0/adversarial/Gerhard_Schroeder_Gerhard_Schroeder_0056_to_Ariel_Sharon_Ariel_Sharon_0045_facenet_eps0.010_a0.001_s20.jpg,samples/0.010/vf_e7897ae417d0/perturbation/Gerhard_Schroeder_Gerhard_Schroeder_0056_to_Ariel_Sharon_Ariel_Sharon_0045_facenet_eps0.010_a0.001_s20_perturbation.jpg,Gerhard_Schroeder,Ariel_Sharon,0.47966246581077576,0.019496068358421326,0.45378464,0.5640478283166885,False,False,True,0.01,0.001,20,2.267997980117798,0.010000020265579224,1.0400223669998923
vf_44fcd2d6e120,pair_000113,targeted_pgd_facenet_verification,facenet-pytorch/InceptionResnetV1,vggface2,samples/0.010/vf_44fcd2d6e120/source/John_Ashcroft_0006.jpg,samples/0.010/vf_44fcd2d6e120/target_enroll/George_W_Bush_0374.jpg,samples/0.010/vf_44fcd2d6e120/adversarial/John_Ashcroft_John_Ashcroft_0006_to_George_W_Bush_George_W_Bush_0374_facenet_eps0.010_a0.001_s20.jpg,samples/0.010/vf_44fcd2d6e120/perturbation/John_Ashcroft_John_Ashcroft_0006_to_George_W_Bush_George_W_Bush_0374_facenet_eps0.010_a0.001_s20_perturbation.jpg,John_Ashcroft,George_W_Bush,0.47966246581077576,0.2551112174987793,0.69437557,0.5330420136451721,False,True,True,0.01,0.001,20,2.2617108821868896,0.010000020265579224,1.0597714759996961
vf_369a060108c8,pair_000114,targeted_pgd_facenet_verification,facenet-pytorch/InceptionResnetV1,vggface2,samples/0.010/vf_369a060108c8/source/Tony_Blair_0120.jpg,samples/0.010/vf_369a060108c8/target_enroll/George_W_Bush_0041.jpg,samples/0.010/vf_369a060108c8/adversarial/Tony_Blair_Tony_Blair_0120_to_George_W_Bush_George_W_Bush_0041_facenet_eps0.010_a0.001_s20.jpg,samples/0.010/vf_369a060108c8/perturbation/Tony_Blair_Tony_Blair_0120_to_George_W_Bush_George_W_Bush_0041_facenet_eps0.010_a0.001_s20_perturbation.jpg,Tony_Blair,George_W_Bush,0.47966246581077576,0.11442787945270538,0.57746184,0.6049258559942245,False,True,True,0.01,0.001,20,2.314685106277466,0.010000020265579224,1.0445654080003806
vf_e4724842b3b3,pair_000117,targeted_pgd_facenet_verification,facenet-pytorch/InceptionResnetV1,vggface2,samples/0.010/vf_e4724842b3b3/source/John_Ashcroft_0030.jpg,samples/0.010/vf_e4724842b3b3/target_enroll/Ariel_Sharon_0049.jpg,samples/0.010/vf_e4724842b3b3/adversarial/John_Ashcroft_John_Ashcroft_0030_to_Ariel_Sharon_Ariel_Sharon_0049_facenet_eps0.010_a0.001_s20.jpg,samples/0.010/vf_e4724842b3b3/perturbation/John_Ashcroft_John_Ashcroft_0030_to_Ariel_Sharon_Ariel_Sharon_0049_facenet_eps0.010_a0.001_s20_perturbation.jpg,John_Ashcroft,Ariel_Sharon,0.47966246581077576,0.23801392316818237,0.60832047,0.47179847955703735,False,True,True,0.01,0.001,20,2.243372678756714,0.010000020265579224,1.0343629479998526
vf_018e3df2e135,pair_000118,targeted_pgd_facenet_verification,facenet-pytorch/InceptionResnetV1,vggface2,samples/0.010/vf_018e3df2e135/source/George_W_Bush_0064.jpg,samples/0.010/vf_018e3df2e135/target_enroll/Tony_Blair_0077.jpg,samples/0.010/vf_018e3df2e135/adversarial/George_W_Bush_George_W_Bush_0064_to_Tony_Blair_Tony_Blair_0077_facenet_eps0.010_a0.001_s20.jpg,samples/0.010/vf_018e3df2e135/perturbation/George_W_Bush_George_W_Bush_0064_to_Tony_Blair_Tony_Blair_0077_facenet_eps0.010_a0.001_s20_perturbation.jpg,George_W_Bush,Tony_Blair,0.47966246581077576,0.2625645697116852,0.65958399,0.5094183385372162,False,True,True,0.01,0.001,20,2.2329320907592773,0.010000020265579224,1.003217759999643
vf_7b46e66fb249,pair_000125,targeted_pgd_facenet_verification,facenet-pytorch/InceptionResnetV1,vggface2,samples/0.010/vf_7b46e66fb249/source/George_W_Bush_0444.jpg,samples/0.010/vf_7b46e66fb249/target_enroll/Donald_Rumsfeld_0069.jpg,samples/0.010/vf_7b46e66fb249/adversarial/George_W_Bush_George_W_Bush_0444_to_Donald_Rumsfeld_Donald_Rumsfeld_0069_facenet_eps0.010_a0.001_s20.jpg,samples/0.010/vf_7b46e66fb249/perturbation/George_W_Bush_George_W_Bush_0444_to_Donald_Rumsfeld_Donald_Rumsfeld_0069_facenet_eps0.010_a0.001_s20_perturbation.jpg,George_W_Bush,Donald_Rumsfeld,0.47966246581077576,0.2838618755340576,0.73266679,0.5976960062980652,False,True,True,0.01,0.001,20,2.050077199935913,0.010000020265579224,1.0140515779999077
vf_a034b22c4586,pair_000128,targeted_pgd_facenet_verification,facenet-pytorch/InceptionResnetV1,vggface2,samples/0.010/vf_a034b22c4586/source/Tony_Blair_0104.jpg,samples/0.010/vf_a034b22c4586/target_enroll/Colin_Powell_0032.jpg,samples/0.010/vf_a034b22c4586/adversarial/Tony_Blair_Tony_Blair_0104_to_Colin_Powell_Colin_Powell_0032_facenet_eps0.010_a0.001_s20.jpg,samples/0.010/vf_a034b22c4586/perturbation/Tony_Blair_Tony_Blair_0104_to_Colin_Powell_Colin_Powell_0032_facenet_eps0.010_a0.001_s20_perturbation.jpg,Tony_Blair,Colin_Powell,0.47966246581077576,0.4402514696121216,0.82533801,0.46212875843048096,False,True,True,0.01,0.001,20,2.3294804096221924,0.010000020265579224,1.0107956659999218
vf_10244b48ba4d,pair_000130,targeted_pgd_facenet_verification,facenet-pytorch/InceptionResnetV1,vggface2,samples/0.010/vf_10244b48ba4d/source/John_Ashcroft_0043.jpg,samples/0.010/vf_10244b48ba4d/target_enroll/Donald_Rumsfeld_0082.jpg,samples/0.010/vf_10244b48ba4d/adversarial/John_Ashcroft_John_Ashcroft_0043_to_Donald_Rumsfeld_Donald_Rumsfeld_0082_facenet_eps0.010_a0.001_s20.jpg,samples/0.010/vf_10244b48ba4d/perturbation/John_Ashcroft_John_Ashcroft_0043_to_Donald_Rumsfeld_Donald_Rumsfeld_0082_facenet_eps0.010_a0.001_s20_perturbation.jpg,John_Ashcroft,Donald_Rumsfeld,0.47966246581077576,-0.15621356666088104,0.36965066,0.7614317983388901,False,False,True,0.01,0.001,20,2.229295492172241,0.010000020265579224,1.0111329639998985
vf_d12e13d84c24,pair_000132,targeted_pgd_facenet_verification,facenet-pytorch/InceptionResnetV1,vggface2,samples/0.010/vf_d12e13d84c24/source/Donald_Rumsfeld_0082.jpg,samples/0.010/vf_d12e13d84c24/target_enroll/Gerhard_Schroeder_0098.jpg,samples/0.010/vf_d12e13d84c24/adversarial/Donald_Rumsfeld_Donald_Rumsfeld_0082_to_Gerhard_Schroeder_Gerhard_Schroeder_0098_facenet_eps0.010_a0.001_s20.jpg,samples/0.010/vf_d12e13d84c24/perturbation/Donald_Rumsfeld_Donald_Rumsfeld_0082_to_Gerhard_Schroeder_Gerhard_Schroeder_0098_facenet_eps0.010_a0.001_s20_perturbation.jpg,Donald_Rumsfeld,Gerhard_Schroeder,0.47966246581077576,0.22481846809387207,0.65506887,0.5424366593360901,False,True,True,0.01,0.001,20,2.1959922313690186,0.010000020265579224,1.0133078650001153
vf_189241d1fe52,pair_000133,targeted_pgd_facenet_verification,facenet-pytorch/InceptionResnetV1,vggface2,samples/0.010/vf_189241d1fe52/source/Junichiro_Koizumi_0050.jpg,samples/0.010/vf_189241d1fe52/target_enroll/Colin_Powell_0170.jpg,samples/0.010/vf_189241d1fe52/adversarial/Junichiro_Koizumi_Junichiro_Koizumi_0050_to_Colin_Powell_Colin_Powell_0170_facenet_eps0.010_a0.001_s20.jpg,samples/0.010/vf_189241d1fe52/perturbation/Junichiro_Koizumi_Junichiro_Koizumi_0050_to_Colin_Powell_Colin_Powell_0170_facenet_eps0.010_a0.001_s20_perturbation.jpg,Junichiro_Koizumi,Colin_Powell,0.47966246581077576,0.056563280522823334,0.37350142,0.4373495951294899,False,False,True,0.01,0.001,20,2.0065245628356934,0.010000020265579224,1.018388300999959
vf_5eefde1bcecb,pair_000138,targeted_pgd_facenet_verification,facenet-pytorch/InceptionResnetV1,vggface2,samples/0.010/vf_5eefde1bcecb/source/Jean_Chretien_0044.jpg,samples/0.010/vf_5eefde1bcecb/target_enroll/Gerhard_Schroeder_0067.jpg,samples/0.010/vf_5eefde1bcecb/adversarial/Jean_Chretien_Jean_Chretien_0044_to_Gerhard_Schroeder_Gerhard_Schroeder_0067_facenet_eps0.010_a0.001_s20.jpg,samples/0.010/vf_5eefde1bcecb/perturbation/Jean_Chretien_Jean_Chretien_0044_to_Gerhard_Schroeder_Gerhard_Schroeder_0067_facenet_eps0.010_a0.001_s20_perturbation.jpg,Jean_Chretien,Gerhard_Schroeder,0.47966246581077576,-0.007280323654413223,0.39909858,0.5516501404345036,False,False,True,0.01,0.001,20,2.229494333267212,0.010000020265579224,1.0435688170000503
vf_c563ee357bd2,pair_000143,targeted_pgd_facenet_verification,facenet-pytorch/InceptionResnetV1,vggface2,samples/0.010/vf_c563ee357bd2/source/George_W_Bush_0033.jpg,samples/0.010/vf_c563ee357bd2/target_enroll/Ariel_Sharon_0049.jpg,samples/0.010/vf_c563ee357bd2/adversarial/George_W_Bush_George_W_Bush_0033_to_Ariel_Sharon_Ariel_Sharon_0049_facenet_eps0.010_a0.001_s20.jpg,samples/0.010/vf_c563ee357bd2/perturbation/George_W_Bush_George_W_Bush_0033_to_Ariel_Sharon_Ariel_Sharon_0049_facenet_eps0.010_a0.001_s20_perturbation.jpg,George_W_Bush,Ariel_Sharon,0.47966246581077576,-0.1311463713645935,0.51734263,0.8194130063056946,False,True,True,0.01,0.001,20,2.3221871852874756,0.010000020265579224,1.0541561390000425
vf_695ced84ba67,pair_000147,targeted_pgd_facenet_verification,facenet-pytorch/InceptionResnetV1,vggface2,samples/0.010/vf_695ced84ba67/source/Colin_Powell_0179.jpg,samples/0.010/vf_695ced84ba67/target_enroll/Tony_Blair_0027.jpg,samples/0.010/vf_695ced84ba67/adversarial/Colin_Powell_Colin_Powell_0179_to_Tony_Blair_Tony_Blair_0027_facenet_eps0.010_a0.001_s20.jpg,samples/0.010/vf_695ced84ba67/perturbation/Colin_Powell_Colin_Powell_0179_to_Tony_Blair_Tony_Blair_0027_facenet_eps0.010_a0.001_s20_perturbation.jpg,Colin_Powell,Tony_Blair,0.47966246581077576,0.3366205096244812,0.68722934,0.4614177346229553,False,True,True,0.01,0.001,20,2.22990345954895,0.010000020265579224,1.0201125069997943
vf_fe96e4dc637f,pair_000150,targeted_pgd_facenet_verification,facenet-pytorch/InceptionResnetV1,vggface2,samples/0.010/vf_fe96e4dc637f/source/John_Ashcroft_0008.jpg,samples/0.010/vf_fe96e4dc637f/target_enroll/Gerhard_Schroeder_0023.jpg,samples/0.010/vf_fe96e4dc637f/adversarial/John_Ashcroft_John_Ashcroft_0008_to_Gerhard_Schroeder_Gerhard_Schroeder_0023_facenet_eps0.010_a0.001_s20.jpg,samples/0.010/vf_fe96e4dc637f/perturbation/John_Ashcroft_John_Ashcroft_0008_to_Gerhard_Schroeder_Gerhard_Schroeder_0023_facenet_eps0.010_a0.001_s20_perturbation.jpg,John_Ashcroft,Gerhard_Schroeder,0.47966246581077576,0.21702134609222412,0.64093357,0.5678397417068481,False,True,True,0.01,0.001,20,2.2296953201293945,0.010000020265579224,1.0099247769999238
vf_a067ba70aba2,pair_000151,targeted_pgd_facenet_verification,facenet-pytorch/InceptionResnetV1,vggface2,samples/0.010/vf_a067ba70aba2/source/Ariel_Sharon_0045.jpg,samples/0.010/vf_a067ba70aba2/target_enroll/George_W_Bush_0217.jpg,samples/0.010/vf_a067ba70aba2/adversarial/Ariel_Sharon_Ariel_Sharon_0045_to_George_W_Bush_George_W_Bush_0217_facenet_eps0.010_a0.001_s20.jpg,samples/0.010/vf_a067ba70aba2/perturbation/Ariel_Sharon_Ariel_Sharon_0045_to_George_W_Bush_George_W_Bush_0217_facenet_eps0.010_a0.001_s20_perturbation.jpg,Ariel_Sharon,George_W_Bush,0.47966246581077576,-0.16777990758419037,0.3681502,0.7035709470510483,False,False,True,0.01,0.001,20,2.175191640853882,0.010000020265579224,1.0194245739999133
vf_c99f6339f4b2,pair_000154,targeted_pgd_facenet_verification,facenet-pytorch/InceptionResnetV1,vggface2,samples/0.010/vf_c99f6339f4b2/source/Gerhard_Schroeder_0061.jpg,samples/0.010/vf_c99f6339f4b2/target_enroll/Hugo_Chavez_0019.jpg,samples/0.010/vf_c99f6339f4b2/adversarial/Gerhard_Schroeder_Gerhard_Schroeder_0061_to_Hugo_Chavez_Hugo_Chavez_0019_facenet_eps0.010_a0.001_s20.jpg,samples/0.010/vf_c99f6339f4b2/perturbation/Gerhard_Schroeder_Gerhard_Schroeder_0061_to_Hugo_Chavez_Hugo_Chavez_0019_facenet_eps0.010_a0.001_s20_perturbation.jpg,Gerhard_Schroeder,Hugo_Chavez,0.47966246581077576,0.24971015751361847,0.75582576,0.6184093207120895,False,True,True,0.01,0.001,20,2.3468925952911377,0.010000020265579224,1.0196138460000839
vf_8adc8a6b5049,pair_000160,targeted_pgd_facenet_verification,facenet-pytorch/InceptionResnetV1,vggface2,samples/0.010/vf_8adc8a6b5049/source/Junichiro_Koizumi_0049.jpg,samples/0.010/vf_8adc8a6b5049/target_enroll/Hugo_Chavez_0051.jpg,samples/0.010/vf_8adc8a6b5049/adversarial/Junichiro_Koizumi_Junichiro_Koizumi_0049_to_Hugo_Chavez_Hugo_Chavez_0051_facenet_eps0.010_a0.001_s20.jpg,samples/0.010/vf_8adc8a6b5049/perturbation/Junichiro_Koizumi_Junichiro_Koizumi_0049_to_Hugo_Chavez_Hugo_Chavez_0051_facenet_eps0.010_a0.001_s20_perturbation.jpg,Junichiro_Koizumi,Hugo_Chavez,0.47966246581077576,0.26550135016441345,0.64851952,0.47931352257728577,False,True,True,0.01,0.001,20,2.0959737300872803,0.010000020265579224,1.0047745150000083
vf_f00d3e666fd4,pair_000161,targeted_pgd_facenet_verification,facenet-pytorch/InceptionResnetV1,vggface2,samples/0.010/vf_f00d3e666fd4/source/Colin_Powell_0098.jpg,samples/0.010/vf_f00d3e666fd4/target_enroll/Junichiro_Koizumi_0043.jpg,samples/0.010/vf_f00d3e666fd4/adversarial/Colin_Powell_Colin_Powell_0098_to_Junichiro_Koizumi_Junichiro_Koizumi_0043_facenet_eps0.010_a0.001_s20.jpg,samples/0.010/vf_f00d3e666fd4/perturbation/Colin_Powell_Colin_Powell_0098_to_Junichiro_Koizumi_Junichiro_Koizumi_0043_facenet_eps0.010_a0.001_s20_perturbation.jpg,Colin_Powell,Junichiro_Koizumi,0.47966246581077576,0.03467237204313278,0.35518622,0.4476184919476509,False,False,True,0.01,0.001,20,2.2178385257720947,0.010000020265579224,1.0156515730000137
vf_1c39a9c85e88,pair_000164,targeted_pgd_facenet_verification,facenet-pytorch/InceptionResnetV1,vggface2,samples/0.010/vf_1c39a9c85e88/source/Tony_Blair_0063.jpg,samples/0.010/vf_1c39a9c85e88/target_enroll/John_Ashcroft_0013.jpg,samples/0.010/vf_1c39a9c85e88/adversarial/Tony_Blair_Tony_Blair_0063_to_John_Ashcroft_John_Ashcroft_0013_facenet_eps0.010_a0.001_s20.jpg,samples/0.010/vf_1c39a9c85e88/perturbation/Tony_Blair_Tony_Blair_0063_to_John_Ashcroft_John_Ashcroft_0013_facenet_eps0.010_a0.001_s20_perturbation.jpg,Tony_Blair,John_Ashcroft,0.47966246581077576,0.19368895888328552,0.68728435,0.6383265554904938,False,True,True,0.01,0.001,20,2.194692373275757,0.010000020265579224,1.0293522649999431
vf_f81d7e10cf7e,pair_000167,targeted_pgd_facenet_verification,facenet-pytorch/InceptionResnetV1,vggface2,samples/0.010/vf_f81d7e10cf7e/source/Junichiro_Koizumi_0009.jpg,samples/0.010/vf_f81d7e10cf7e/target_enroll/Colin_Powell_0223.jpg,samples/0.010/vf_f81d7e10cf7e/adversarial/Junichiro_Koizumi_Junichiro_Koizumi_0009_to_Colin_Powell_Colin_Powell_0223_facenet_eps0.010_a0.001_s20.jpg,samples/0.010/vf_f81d7e10cf7e/perturbation/Junichiro_Koizumi_Junichiro_Koizumi_0009_to_Colin_Powell_Colin_Powell_0223_facenet_eps0.010_a0.001_s20_perturbation.jpg,Junichiro_Koizumi,Colin_Powell,0.47966246581077576,0.08470536768436432,0.54272401,0.6699898093938828,False,True,True,0.01,0.001,20,2.148125171661377,0.010000020265579224,1.0078774319999866
vf_ed0789be4f11,pair_000170,targeted_pgd_facenet_verification,facenet-pytorch/InceptionResnetV1,vggface2,samples/0.010/vf_ed0789be4f11/source/John_Ashcroft_0030.jpg,samples/0.010/vf_ed0789be4f11/target_enroll/Gerhard_Schroeder_0024.jpg,samples/0.010/vf_ed0789be4f11/adversarial/John_Ashcroft_John_Ashcroft_0030_to_Gerhard_Schroeder_Gerhard_Schroeder_0024_facenet_eps0.010_a0.001_s20.jpg,samples/0.010/vf_ed0789be4f11/perturbation/John_Ashcroft_John_Ashcroft_0030_to_Gerhard_Schroeder_Gerhard_Schroeder_0024_facenet_eps0.010_a0.001_s20_perturbation.jpg,John_Ashcroft,Gerhard_Schroeder,0.47966246581077576,0.14778810739517212,0.54841822,0.529079258441925,False,True,True,0.01,0.001,20,2.23240327835083,0.010000020265579224,1.0293103839999276
vf_ab989c444985,pair_000172,targeted_pgd_facenet_verification,facenet-pytorch/InceptionResnetV1,vggface2,samples/0.010/vf_ab989c444985/source/Tony_Blair_0120.jpg,samples/0.010/vf_ab989c444985/target_enroll/John_Ashcroft_0043.jpg,samples/0.010/vf_ab989c444985/adversarial/Tony_Blair_Tony_Blair_0120_to_John_Ashcroft_John_Ashcroft_0043_facenet_eps0.010_a0.001_s20.jpg,samples/0.010/vf_ab989c444985/perturbation/Tony_Blair_Tony_Blair_0120_to_John_Ashcroft_John_Ashcroft_0043_facenet_eps0.010_a0.001_s20_perturbation.jpg,Tony_Blair,John_Ashcroft,0.47966246581077576,0.16956353187561035,0.70715392,0.659650444984436,False,True,True,0.01,0.001,20,2.3016982078552246,0.010000020265579224,1.0235740709999845
vf_d78ccb964c5d,pair_000173,targeted_pgd_facenet_verification,facenet-pytorch/InceptionResnetV1,vggface2,samples/0.010/vf_d78ccb964c5d/source/Hugo_Chavez_0046.jpg,samples/0.010/vf_d78ccb964c5d/target_enroll/Colin_Powell_0212.jpg,samples/0.010/vf_d78ccb964c5d/adversarial/Hugo_Chavez_Hugo_Chavez_0046_to_Colin_Powell_Colin_Powell_0212_facenet_eps0.010_a0.001_s20.jpg,samples/0.010/vf_d78ccb964c5d/perturbation/Hugo_Chavez_Hugo_Chavez_0046_to_Colin_Powell_Colin_Powell_0212_facenet_eps0.010_a0.001_s20_perturbation.jpg,Hugo_Chavez,Colin_Powell,0.47966246581077576,0.24413633346557617,0.60361546,0.4680808186531067,False,True,True,0.01,0.001,20,2.253363847732544,0.010000020265579224,1.0374808919996212
vf_005a59c31dd2,pair_000174,targeted_pgd_facenet_verification,facenet-pytorch/InceptionResnetV1,vggface2,samples/0.010/vf_005a59c31dd2/source/Colin_Powell_0105.jpg,samples/0.010/vf_005a59c31dd2/target_enroll/Jean_Chretien_0044.jpg,samples/0.010/vf_005a59c31dd2/adversarial/Colin_Powell_Colin_Powell_0105_to_Jean_Chretien_Jean_Chretien_0044_facenet_eps0.010_a0.001_s20.jpg,samples/0.010/vf_005a59c31dd2/perturbation/Colin_Powell_Colin_Powell_0105_to_Jean_Chretien_Jean_Chretien_0044_facenet_eps0.010_a0.001_s20_perturbation.jpg,Colin_Powell,Jean_Chretien,0.47966246581077576,0.05099835246801376,0.43157098,0.5381426587700844,False,False,True,0.01,0.001,20,2.22261381149292,0.010000020265579224,1.0134364679997816
vf_0a3f1a68dcb2,pair_000175,targeted_pgd_facenet_verification,facenet-pytorch/InceptionResnetV1,vggface2,samples/0.010/vf_0a3f1a68dcb2/source/Gerhard_Schroeder_0098.jpg,samples/0.010/vf_0a3f1a68dcb2/target_enroll/Jean_Chretien_0015.jpg,samples/0.010/vf_0a3f1a68dcb2/adversarial/Gerhard_Schroeder_Gerhard_Schroeder_0098_to_Jean_Chretien_Jean_Chretien_0015_facenet_eps0.010_a0.001_s20.jpg,samples/0.010/vf_0a3f1a68dcb2/perturbation/Gerhard_Schroeder_Gerhard_Schroeder_0098_to_Jean_Chretien_Jean_Chretien_0015_facenet_eps0.010_a0.001_s20_perturbation.jpg,Gerhard_Schroeder,Jean_Chretien,0.47966246581077576,0.21243226528167725,0.64810842,0.5671236515045166,False,True,True,0.01,0.001,20,2.2321767807006836,0.010000020265579224,1.009329796000202
vf_d5c09a946d99,pair_000176,targeted_pgd_facenet_verification,facenet-pytorch/InceptionResnetV1,vggface2,samples/0.010/vf_d5c09a946d99/source/Jean_Chretien_0050.jpg,samples/0.010/vf_d5c09a946d99/target_enroll/Junichiro_Koizumi_0043.jpg,samples/0.010/vf_d5c09a946d99/adversarial/Jean_Chretien_Jean_Chretien_0050_to_Junichiro_Koizumi_Junichiro_Koizumi_0043_facenet_eps0.010_a0.001_s20.jpg,samples/0.010/vf_d5c09a946d99/perturbation/Jean_Chretien_Jean_Chretien_0050_to_Junichiro_Koizumi_Junichiro_Koizumi_0043_facenet_eps0.010_a0.001_s20_perturbation.jpg,Jean_Chretien,Junichiro_Koizumi,0.47966246581077576,0.009940795600414276,0.5710457,0.7261820510029793,False,True,True,0.01,0.001,20,2.199801206588745,0.010000020265579224,1.0123227200001566
vf_df4a6b5a2944,pair_000177,targeted_pgd_facenet_verification,facenet-pytorch/InceptionResnetV1,vggface2,samples/0.010/vf_df4a6b5a2944/source/Jean_Chretien_0044.jpg,samples/0.010/vf_df4a6b5a2944/target_enroll/John_Ashcroft_0013.jpg,samples/0.010/vf_df4a6b5a2944/adversarial/Jean_Chretien_Jean_Chretien_0044_to_John_Ashcroft_John_Ashcroft_0013_facenet_eps0.010_a0.001_s20.jpg,samples/0.010/vf_df4a6b5a2944/perturbation/Jean_Chretien_Jean_Chretien_0044_to_John_Ashcroft_John_Ashcroft_0013_facenet_eps0.010_a0.001_s20_perturbation.jpg,Jean_Chretien,John_Ashcroft,0.47966246581077576,0.17093873023986816,0.51019263,0.4429846405982971,False,True,True,0.01,0.001,20,2.205061435699463,0.010000020265579224,1.012651984999593
vf_55221d8a3d2e,pair_000178,targeted_pgd_facenet_verification,facenet-pytorch/InceptionResnetV1,vggface2,samples/0.010/vf_55221d8a3d2e/source/Jean_Chretien_0002.jpg,samples/0.010/vf_55221d8a3d2e/target_enroll/Gerhard_Schroeder_0024.jpg,samples/0.010/vf_55221d8a3d2e/adversarial/Jean_Chretien_Jean_Chretien_0002_to_Gerhard_Schroeder_Gerhard_Schroeder_0024_facenet_eps0.010_a0.001_s20.jpg,samples/0.010/vf_55221d8a3d2e/perturbation/Jean_Chretien_Jean_Chretien_0002_to_Gerhard_Schroeder_Gerhard_Schroeder_0024_facenet_eps0.010_a0.001_s20_perturbation.jpg,Jean_Chretien,Gerhard_Schroeder,0.47966246581077576,0.09481785446405411,0.50362885,0.5224407538771629,False,True,True,0.01,0.001,20,2.3052167892456055,0.010000020265579224,1.0132613340001626
vf_28b6df51a2aa,pair_000184,targeted_pgd_facenet_verification,facenet-pytorch/InceptionResnetV1,vggface2,samples/0.010/vf_28b6df51a2aa/source/George_W_Bush_0111.jpg,samples/0.010/vf_28b6df51a2aa/target_enroll/Gerhard_Schroeder_0024.jpg,samples/0.010/vf_28b6df51a2aa/adversarial/George_W_Bush_George_W_Bush_0111_to_Gerhard_Schroeder_Gerhard_Schroeder_0024_facenet_eps0.010_a0.001_s20.jpg,samples/0.010/vf_28b6df51a2aa/perturbation/George_W_Bush_George_W_Bush_0111_to_Gerhard_Schroeder_Gerhard_Schroeder_0024_facenet_eps0.010_a0.001_s20_perturbation.jpg,George_W_Bush,Gerhard_Schroeder,0.47966246581077576,0.3401437997817993,0.79111671,0.558125376701355,False,True,True,0.01,0.001,20,2.1953089237213135,0.010000020265579224,1.0161514009996608
vf_ae41a277e9a0,pair_000186,targeted_pgd_facenet_verification,facenet-pytorch/InceptionResnetV1,vggface2,samples/0.010/vf_ae41a277e9a0/source/Junichiro_Koizumi_0040.jpg,samples/0.010/vf_ae41a277e9a0/target_enroll/Colin_Powell_0001.jpg,samples/0.010/vf_ae41a277e9a0/adversarial/Junichiro_Koizumi_Junichiro_Koizumi_0040_to_Colin_Powell_Colin_Powell_0001_facenet_eps0.010_a0.001_s20.jpg,samples/0.010/vf_ae41a277e9a0/perturbation/Junichiro_Koizumi_Junichiro_Koizumi_0040_to_Colin_Powell_Colin_Powell_0001_facenet_eps0.010_a0.001_s20_perturbation.jpg,Junichiro_Koizumi,Colin_Powell,0.47966246581077576,0.06618127226829529,0.49264327,0.5616897642612457,False,True,True,0.01,0.001,20,2.3422324657440186,0.010000020265579224,0.9951493650000884
vf_dbdb717f5df6,pair_000190,targeted_pgd_facenet_verification,facenet-pytorch/InceptionResnetV1,vggface2,samples/0.010/vf_dbdb717f5df6/source/George_W_Bush_0175.jpg,samples/0.010/vf_dbdb717f5df6/target_enroll/Gerhard_Schroeder_0075.jpg,samples/0.010/vf_dbdb717f5df6/adversarial/George_W_Bush_George_W_Bush_0175_to_Gerhard_Schroeder_Gerhard_Schroeder_0075_facenet_eps0.010_a0.001_s20.jpg,samples/0.010/vf_dbdb717f5df6/perturbation/George_W_Bush_George_W_Bush_0175_to_Gerhard_Schroeder_Gerhard_Schroeder_0075_facenet_eps0.010_a0.001_s20_perturbation.jpg,George_W_Bush,Gerhard_Schroeder,0.47966246581077576,0.16867852210998535,0.65513808,0.6308263540267944,False,True,True,0.01,0.001,20,2.270340919494629,0.010000020265579224,1.0070732109998062
vf_d5f84f559f80,pair_000191,targeted_pgd_facenet_verification,facenet-pytorch/InceptionResnetV1,vggface2,samples/0.010/vf_d5f84f559f80/source/Hugo_Chavez_0053.jpg,samples/0.010/vf_d5f84f559f80/target_enroll/Colin_Powell_0212.jpg,samples/0.010/vf_d5f84f559f80/adversarial/Hugo_Chavez_Hugo_Chavez_0053_to_Colin_Powell_Colin_Powell_0212_facenet_eps0.010_a0.001_s20.jpg,samples/0.010/vf_d5f84f559f80/perturbation/Hugo_Chavez_Hugo_Chavez_0053_to_Colin_Powell_Colin_Powell_0212_facenet_eps0.010_a0.001_s20_perturbation.jpg,Hugo_Chavez,Colin_Powell,0.47966246581077576,0.32002243399620056,0.60476285,0.3665224015712738,False,True,True,0.01,0.001,20,2.233201742172241,0.010000020265579224,1.0102772759996697
vf_a732bd6e8c7c,pair_000192,targeted_pgd_facenet_verification,facenet-pytorch/InceptionResnetV1,vggface2,samples/0.010/vf_a732bd6e8c7c/source/Donald_Rumsfeld_0119.jpg,samples/0.010/vf_a732bd6e8c7c/target_enroll/Tony_Blair_0063.jpg,samples/0.010/vf_a732bd6e8c7c/adversarial/Donald_Rumsfeld_Donald_Rumsfeld_0119_to_Tony_Blair_Tony_Blair_0063_facenet_eps0.010_a0.001_s20.jpg,samples/0.010/vf_a732bd6e8c7c/perturbation/Donald_Rumsfeld_Donald_Rumsfeld_0119_to_Tony_Blair_Tony_Blair_0063_facenet_eps0.010_a0.001_s20_perturbation.jpg,Donald_Rumsfeld,Tony_Blair,0.47966246581077576,0.23458966612815857,0.64980322,0.54670849442482,False,True,True,0.01,0.001,20,2.319469451904297,0.010000020265579224,1.0373865080000542
vf_543c2289bc82,pair_000193,targeted_pgd_facenet_verification,facenet-pytorch/InceptionResnetV1,vggface2,samples/0.010/vf_543c2289bc82/source/George_W_Bush_0239.jpg,samples/0.010/vf_543c2289bc82/target_enroll/Jean_Chretien_0031.jpg,samples/0.010/vf_543c2289bc82/adversarial/George_W_Bush_George_W_Bush_0239_to_Jean_Chretien_Jean_Chretien_0031_facenet_eps0.010_a0.001_s20.jpg,samples/0.010/vf_543c2289bc82/perturbation/George_W_Bush_George_W_Bush_0239_to_Jean_Chretien_Jean_Chretien_0031_facenet_eps0.010_a0.001_s20_perturbation.jpg,George_W_Bush,Jean_Chretien,0.47966246581077576,0.18537792563438416,0.63414782,0.5926473438739777,False,True,True,0.01,0.001,20,2.2084782123565674,0.010000020265579224,1.0260852950000299
vf_1da9500923a0,pair_000196,targeted_pgd_facenet_verification,facenet-pytorch/InceptionResnetV1,vggface2,samples/0.010/vf_1da9500923a0/source/John_Ashcroft_0018.jpg,samples/0.010/vf_1da9500923a0/target_enroll/Hugo_Chavez_0056.jpg,samples/0.010/vf_1da9500923a0/adversarial/John_Ashcroft_John_Ashcroft_0018_to_Hugo_Chavez_Hugo_Chavez_0056_facenet_eps0.010_a0.001_s20.jpg,samples/0.010/vf_1da9500923a0/perturbation/John_Ashcroft_John_Ashcroft_0018_to_Hugo_Chavez_Hugo_Chavez_0056_facenet_eps0.010_a0.001_s20_perturbation.jpg,John_Ashcroft,Hugo_Chavez,0.47966246581077576,0.0858793631196022,0.53175527,0.5890154466032982,False,True,True,0.01,0.001,20,2.3125040531158447,0.010000020265579224,1.0285269200003313
vf_e22515667bcb,pair_000197,targeted_pgd_facenet_verification,facenet-pytorch/InceptionResnetV1,vggface2,samples/0.010/vf_e22515667bcb/source/Hugo_Chavez_0044.jpg,samples/0.010/vf_e22515667bcb/target_enroll/Gerhard_Schroeder_0023.jpg,samples/0.010/vf_e22515667bcb/adversarial/Hugo_Chavez_Hugo_Chavez_0044_to_Gerhard_Schroeder_Gerhard_Schroeder_0023_facenet_eps0.010_a0.001_s20.jpg,samples/0.010/vf_e22515667bcb/perturbation/Hugo_Chavez_Hugo_Chavez_0044_to_Gerhard_Schroeder_Gerhard_Schroeder_0023_facenet_eps0.010_a0.001_s20_perturbation.jpg,Hugo_Chavez,Gerhard_Schroeder,0.47966246581077576,0.1945665031671524,0.54738182,0.48608075082302094,False,True,True,0.01,0.001,20,2.27998685836792,0.010000020265579224,1.0025311980002698
vf_4a34c041687a,pair_000198,targeted_pgd_facenet_verification,facenet-pytorch/InceptionResnetV1,vggface2,samples/0.010/vf_4a34c041687a/source/Jean_Chretien_0050.jpg,samples/0.010/vf_4a34c041687a/target_enroll/George_W_Bush_0302.jpg,samples/0.010/vf_4a34c041687a/adversarial/Jean_Chretien_Jean_Chretien_0050_to_George_W_Bush_George_W_Bush_0302_facenet_eps0.010_a0.001_s20.jpg,samples/0.010/vf_4a34c041687a/perturbation/Jean_Chretien_Jean_Chretien_0050_to_George_W_Bush_George_W_Bush_0302_facenet_eps0.010_a0.001_s20_perturbation.jpg,Jean_Chretien,George_W_Bush,0.47966246581077576,-0.16434818506240845,0.48719561,0.8265312910079956,False,True,True,0.01,0.001,20,2.2065963745117188,0.010000020265579224,1.0141760210003667
vf_b6ab7e6f8ead,pair_000199,targeted_pgd_facenet_verification,facenet-pytorch/InceptionResnetV1,vggface2,samples/0.010/vf_b6ab7e6f8ead/source/George_W_Bush_0413.jpg,samples/0.010/vf_b6ab7e6f8ead/target_enroll/Junichiro_Koizumi_0040.jpg,samples/0.010/vf_b6ab7e6f8ead/adversarial/George_W_Bush_George_W_Bush_0413_to_Junichiro_Koizumi_Junichiro_Koizumi_0040_facenet_eps0.010_a0.001_s20.jpg,samples/0.010/vf_b6ab7e6f8ead/perturbation/George_W_Bush_George_W_Bush_0413_to_Junichiro_Koizumi_Junichiro_Koizumi_0040_facenet_eps0.010_a0.001_s20_perturbation.jpg,George_W_Bush,Junichiro_Koizumi,0.47966246581077576,0.16628426313400269,0.53262955,0.4664285182952881,False,True,True,0.01,0.001,20,2.294020175933838,0.010000020265579224,1.0129707119999694
vf_a96c278b9663,pair_000201,targeted_pgd_facenet_verification,facenet-pytorch/InceptionResnetV1,vggface2,samples/0.010/vf_a96c278b9663/source/Jean_Chretien_0040.jpg,samples/0.010/vf_a96c278b9663/target_enroll/Hugo_Chavez_0038.jpg,samples/0.010/vf_a96c278b9663/adversarial/Jean_Chretien_Jean_Chretien_0040_to_Hugo_Chavez_Hugo_Chavez_0038_facenet_eps0.010_a0.001_s20.jpg,samples/0.010/vf_a96c278b9663/perturbation/Jean_Chretien_Jean_Chretien_0040_to_Hugo_Chavez_Hugo_Chavez_0038_facenet_eps0.010_a0.001_s20_perturbation.jpg,Jean_Chretien,Hugo_Chavez,0.47966246581077576,0.20822519063949585,0.62790024,0.5469298958778381,False,True,True,0.01,0.001,20,2.333357810974121,0.010000020265579224,1.015197812000224
vf_a8d0dc97dd40,pair_000206,targeted_pgd_facenet_verification,facenet-pytorch/InceptionResnetV1,vggface2,samples/0.010/vf_a8d0dc97dd40/source/Donald_Rumsfeld_0036.jpg,samples/0.010/vf_a8d0dc97dd40/target_enroll/Jean_Chretien_0031.jpg,samples/0.010/vf_a8d0dc97dd40/adversarial/Donald_Rumsfeld_Donald_Rumsfeld_0036_to_Jean_Chretien_Jean_Chretien_0031_facenet_eps0.010_a0.001_s20.jpg,samples/0.010/vf_a8d0dc97dd40/perturbation/Donald_Rumsfeld_Donald_Rumsfeld_0036_to_Jean_Chretien_Jean_Chretien_0031_facenet_eps0.010_a0.001_s20_perturbation.jpg,Donald_Rumsfeld,Jean_Chretien,0.47966246581077576,0.44168901443481445,0.8707397,0.49755245447158813,False,True,True,0.01,0.001,20,2.215338706970215,0.010000020265579224,1.0149982430002638
vf_d5f53c32936c,pair_000208,targeted_pgd_facenet_verification,facenet-pytorch/InceptionResnetV1,vggface2,samples/0.010/vf_d5f53c32936c/source/George_W_Bush_0024.jpg,samples/0.010/vf_d5f53c32936c/target_enroll/Hugo_Chavez_0032.jpg,samples/0.010/vf_d5f53c32936c/adversarial/George_W_Bush_George_W_Bush_0024_to_Hugo_Chavez_Hugo_Chavez_0032_facenet_eps0.010_a0.001_s20.jpg,samples/0.010/vf_d5f53c32936c/perturbation/George_W_Bush_George_W_Bush_0024_to_Hugo_Chavez_Hugo_Chavez_0032_facenet_eps0.010_a0.001_s20_perturbation.jpg,George_W_Bush,Hugo_Chavez,0.47966246581077576,0.20576512813568115,0.59837377,0.52534419298172,False,True,True,0.01,0.001,20,2.303438425064087,0.010000020265579224,1.005062057000032
vf_23dba30d5fa4,pair_000209,targeted_pgd_facenet_verification,facenet-pytorch/InceptionResnetV1,vggface2,samples/0.010/vf_23dba30d5fa4/source/John_Ashcroft_0018.jpg,samples/0.010/vf_23dba30d5fa4/target_enroll/George_W_Bush_0374.jpg,samples/0.010/vf_23dba30d5fa4/adversarial/John_Ashcroft_John_Ashcroft_0018_to_George_W_Bush_George_W_Bush_0374_facenet_eps0.010_a0.001_s20.jpg,samples/0.010/vf_23dba30d5fa4/perturbation/John_Ashcroft_John_Ashcroft_0018_to_George_W_Bush_George_W_Bush_0374_facenet_eps0.010_a0.001_s20_perturbation.jpg,John_Ashcroft,George_W_Bush,0.47966246581077576,0.2542901635169983,0.72498983,0.5909563302993774,False,True,True,0.01,0.001,20,2.336223840713501,0.010000020265579224,1.0127907080000114
vf_f8cbca7fab7c,pair_000210,targeted_pgd_facenet_verification,facenet-pytorch/InceptionResnetV1,vggface2,samples/0.010/vf_f8cbca7fab7c/source/Donald_Rumsfeld_0006.jpg,samples/0.010/vf_f8cbca7fab7c/target_enroll/Ariel_Sharon_0045.jpg,samples/0.010/vf_f8cbca7fab7c/adversarial/Donald_Rumsfeld_Donald_Rumsfeld_0006_to_Ariel_Sharon_Ariel_Sharon_0045_facenet_eps0.010_a0.001_s20.jpg,samples/0.010/vf_f8cbca7fab7c/perturbation/Donald_Rumsfeld_Donald_Rumsfeld_0006_to_Ariel_Sharon_Ariel_Sharon_0045_facenet_eps0.010_a0.001_s20_perturbation.jpg,Donald_Rumsfeld,Ariel_Sharon,0.47966246581077576,0.042424898594617844,0.55340886,0.6578924842178822,False,True,True,0.01,0.001,20,2.349111557006836,0.010000020265579224,1.005067858000075
vf_aa28d8c1c38b,pair_000211,targeted_pgd_facenet_verification,facenet-pytorch/InceptionResnetV1,vggface2,samples/0.010/vf_aa28d8c1c38b/source/Gerhard_Schroeder_0098.jpg,samples/0.010/vf_aa28d8c1c38b/target_enroll/Hugo_Chavez_0051.jpg,samples/0.010/vf_aa28d8c1c38b/adversarial/Gerhard_Schroeder_Gerhard_Schroeder_0098_to_Hugo_Chavez_Hugo_Chavez_0051_facenet_eps0.010_a0.001_s20.jpg,samples/0.010/vf_aa28d8c1c38b/perturbation/Gerhard_Schroeder_Gerhard_Schroeder_0098_to_Hugo_Chavez_Hugo_Chavez_0051_facenet_eps0.010_a0.001_s20_perturbation.jpg,Gerhard_Schroeder,Hugo_Chavez,0.47966246581077576,0.14301392436027527,0.5675382,0.5941499769687653,False,True,True,0.01,0.001,20,2.2257869243621826,0.010000020265579224,1.016456289999951
vf_04d0d58268c4,pair_000212,targeted_pgd_facenet_verification,facenet-pytorch/InceptionResnetV1,vggface2,samples/0.010/vf_04d0d58268c4/source/Junichiro_Koizumi_0017.jpg,samples/0.010/vf_04d0d58268c4/target_enroll/Jean_Chretien_0021.jpg,samples/0.010/vf_04d0d58268c4/adversarial/Junichiro_Koizumi_Junichiro_Koizumi_0017_to_Jean_Chretien_Jean_Chretien_0021_facenet_eps0.010_a0.001_s20.jpg,samples/0.010/vf_04d0d58268c4/perturbation/Junichiro_Koizumi_Junichiro_Koizumi_0017_to_Jean_Chretien_Jean_Chretien_0021_facenet_eps0.010_a0.001_s20_perturbation.jpg,Junichiro_Koizumi,Jean_Chretien,0.47966246581077576,-0.10447540879249573,0.43169305,0.7601496279239655,False,False,True,0.01,0.001,20,2.14201283454895,0.010000020265579224,1.0170076220001647
